,striker,innings 1,innings 2,innings 3,innings 4,innings 5,innings 6,innings 7,innings 8,innings 9,innings 10,score_avg,Ball_faced1,Ball_faced2,Ball_faced3,Ball_faced4,Ball_faced5,Ball_faced6,Ball_faced7,Ball_faced8,Ball_faced9,Ball_faced10,strike1,strike2,strike3,strike4,strike5,strike6,strike7,strike8,strike9,strike10
0,A Ashish Reddy,2,13,32,17,6,22,15,13,3,5,12.8,3,8,18,15,6,8,8,9,4,6,0.6666666666666666,1.625,1.7777777777777777,1.1333333333333333,1.0,2.75,1.875,1.4444444444444444,0.75,0.8333333333333334
1,A Mishra,19,6,1,8,6,1,7,13,8,9,7.8,30,3,2,11,8,2,4,9,2,14,0.6333333333333333,2.0,0.5,0.7272727272727273,0.75,0.5,1.75,1.4444444444444444,4.0,0.6428571428571429
2,AT Rayudu,19,17,4,23,12,0,9,14,1,20,11.9,8,9,7,17,11,2,9,6,2,16,2.375,1.8888888888888888,0.5714285714285714,1.3529411764705883,1.0909090909090908,0.0,1.0,2.3333333333333335,0.5,1.25
3,B Chipli,16,1,25,1,10,5,10,18,1,12,9.9,18,3,17,6,9,4,11,14,2,7,0.8888888888888888,0.3333333333333333,1.4705882352941178,0.16666666666666666,1.1111111111111112,1.25,0.9090909090909091,1.2857142857142858,0.5,1.7142857142857142
4,CL White,31,2,0,43,10,52,2,16,0,34,19.0,28,4,1,23,8,34,3,23,1,31,1.1071428571428572,0.5,0.0,1.8695652173913044,1.25,1.5294117647058822,0.6666666666666666,0.6956521739130435,0.0,1.096774193548387
5,DT Christian,9,1,1,0,1,1,1,7,6,13,4.0,8,3,4,1,3,2,3,9,11,13,1.125,0.3333333333333333,0.25,0.0,0.3333333333333333,0.5,0.3333333333333333,0.7777777777777778,0.5454545454545454,1.0
6,DW Steyn,1,1,19,1,0,1,9,12,4,0,4.8,2,2,11,1,1,2,8,16,2,1,0.5,0.5,1.7272727272727273,1.0,0.0,0.5,1.125,0.75,2.0,0.0
7,IR Jaggi,28,5,2,10,3,3,25,0,0,0,10.857142857142858,31,8,7,7,7,9,25,0,0,0,0.9032258064516129,0.625,0.2857142857142857,1.4285714285714286,0.42857142857142855,0.3333333333333333,1.0,0.0,0.0,0.0
8,JEC Franklin,13,1,1,25,13,22,79,2,7,32,19.5,13,6,9,23,20,22,51,3,4,42,1.0,0.16666666666666666,0.1111111111111111,1.0869565217391304,0.65,1.0,1.5490196078431373,0.6666666666666666,1.75,0.7619047619047619
9,JP Duminy,13,23,17,14,9,34,13,48,49,7,22.7,11,25,15,14,9,32,7,43,31,5,1.1818181818181819,0.92,1.1333333333333333,1.0,1.0,1.0625,1.8571428571428572,1.1162790697674418,1.5806451612903225,1.4
10,KD Karthik,0,0,30,11,16,22,16,7,28,0,13.0,1,2,18,9,11,18,13,5,14,1,0.0,0.0,1.6666666666666667,1.2222222222222223,1.4545454545454546,1.2222222222222223,1.2307692307692308,1.4,2.0,0.0
11,PA Patel,0,8,39,43,53,11,28,19,9,25,23.5,3,5,20,24,37,11,20,9,9,24,0.0,1.6,1.95,1.7916666666666667,1.4324324324324325,1.0,1.4,2.111111111111111,1.0,1.0416666666666667
12,RE Levi,0,1,29,3,0,50,0,0,0,0,13.833333333333334,1,4,22,9,2,35,0,0,0,0,0.0,0.25,1.3181818181818181,0.3333333333333333,0.0,1.4285714285714286,0.0,0.0,0.0,0.0
13,RG Sharma,8,11,56,37,29,7,0,0,3,2,15.3,7,10,37,25,18,8,3,3,5,8,1.1428571428571428,1.1,1.5135135135135136,1.48,1.6111111111111112,0.875,0.0,0.0,0.6,0.25
14,RJ Peterson,0,13,1,2,16,0,0,0,0,0,6.4,2,14,4,2,7,0,0,0,0,0,0.0,0.9285714285714286,0.25,1.0,2.2857142857142856,0.0,0.0,0.0,0.0,0.0
15,S Dhawan,17,0,7,57,30,28,1,8,99,86,33.3,12,1,5,47,20,15,2,8,66,54,1.4166666666666667,0.0,1.4,1.2127659574468086,1.5,1.8666666666666667,0.5,1.0,1.5,1.5925925925925926
16,SR Tendulkar,38,15,48,15,14,9,23,2,54,1,21.9,31,12,28,18,12,10,13,6,47,3,1.2258064516129032,1.25,1.7142857142857142,0.8333333333333334,1.1666666666666667,0.9,1.7692307692307692,0.3333333333333333,1.148936170212766,0.3333333333333333
17,V Pratap Singh,0,0,0,0,0,0,0,0,0,0,0.0,1,0,0,0,0,0,0,0,0,0,0.0,0.0,0.0,0.0,0.0,0.0,0.0,0.0,0.0,0.0
18,AA Jhunjhunwala,19,1,4,0,10,13,22,11,7,2,8.9,20,1,5,3,14,22,22,8,4,5,0.95,1.0,0.8,0.0,0.7142857142857143,0.5909090909090909,1.0,1.375,1.75,0.4
19,DJ Bravo,12,1,1,8,0,1,23,4,20,0,7.0,11,1,1,5,1,1,8,2,8,1,1.0909090909090908,1.0,1.0,1.6,0.0,1.0,2.875,2.0,2.5,0.0
20,F du Plessis,28,71,55,65,45,44,17,62,84,62,53.3,19,47,44,41,32,40,7,39,56,33,1.4736842105263157,1.5106382978723405,1.25,1.5853658536585367,1.40625,1.1,2.4285714285714284,1.5897435897435896,1.5,1.878787878787879
21,JA Morkel,16,8,5,73,1,16,15,7,6,10,15.7,9,8,2,55,1,8,14,13,5,10,1.7777777777777777,1.0,2.5,1.3272727272727274,1.0,2.0,1.0714285714285714,0.5384615384615384,1.2,1.0
22,KC Sangakkara,3,23,8,21,4,2,28,16,15,15,13.5,9,24,14,21,4,3,28,17,16,22,0.3333333333333333,0.9583333333333334,0.5714285714285714,1.0,1.0,0.6666666666666666,1.0,0.9411764705882353,0.9375,0.6818181818181818
23,M Vijay,10,21,1,26,26,38,12,59,16,6,21.5,15,21,7,26,26,35,10,41,8,12,0.6666666666666666,1.0,0.14285714285714285,1.0,1.0,1.0857142857142856,1.2,1.4390243902439024,2.0,0.5
24,MS Dhoni,0,1,5,2,20,2,13,2,1,32,7.8,1,2,4,3,9,3,4,3,1,17,0.0,0.5,1.25,0.6666666666666666,2.2222222222222223,0.6666666666666666,3.25,0.6666666666666666,1.0,1.8823529411764706
25,RA Jadeja,15,22,20,20,21,12,23,18,10,25,18.6,6,16,7,24,16,10,15,8,8,15,2.5,1.375,2.857142857142857,0.8333333333333334,1.3125,1.2,1.5333333333333334,2.25,1.25,1.6666666666666667
26,S Badrinath,0,0,34,6,34,34,16,47,1,1,17.3,3,3,30,13,26,29,16,39,1,1,0.0,0.0,1.1333333333333333,0.46153846153846156,1.3076923076923077,1.1724137931034482,1.0,1.205128205128205,1.0,1.0
27,SK Raina,17,4,11,2,3,2,17,24,18,8,10.6,10,6,7,3,5,4,15,18,15,9,1.7,0.6666666666666666,1.5714285714285714,0.6666666666666666,0.6,0.5,1.1333333333333333,1.3333333333333333,1.2,0.8888888888888888
28,Azhar Mahmood,6,80,61,9,2,9,0,4,0,23,19.4,7,44,41,13,7,13,4,4,1,20,0.8571428571428571,1.8181818181818181,1.4878048780487805,0.6923076923076923,0.2857142857142857,0.6923076923076923,0.0,1.0,0.0,1.15
29,DA Miller,4,6,7,41,21,0,32,46,6,46,20.9,6,7,5,26,12,3,18,22,12,30,0.6666666666666666,0.8571428571428571,1.4,1.5769230769230769,1.75,0.0,1.7777777777777777,2.090909090909091,0.5,1.5333333333333334
30,DJ Harris,30,47,19,15,0,0,0,0,0,0,27.75,25,41,17,14,0,0,0,0,0,0,1.2,1.146341463414634,1.1176470588235294,1.0714285714285714,0.0,0.0,0.0,0.0,0.0,0.0
31,DJ Hussey,1,40,50,25,13,20,1,22,34,21,22.7,3,29,33,29,14,21,3,16,18,20,0.3333333333333333,1.3793103448275863,1.5151515151515151,0.8620689655172413,0.9285714285714286,0.9523809523809523,0.3333333333333333,1.375,1.8888888888888888,1.05
32,J Theron,1,7,2,0,0,0,0,0,0,0,2.5,1,6,4,1,0,0,0,0,0,0,1.0,1.1666666666666667,0.5,0.0,0.0,0.0,0.0,0.0,0.0,0.0
33,Mandeep Singh,12,0,2,0,18,0,15,6,0,0,5.3,11,1,4,5,16,2,14,6,1,1,1.0909090909090908,0.0,0.5,0.0,1.125,0.0,1.0714285714285714,1.0,0.0,0.0
34,N Saini,1,15,3,2,2,50,6,17,30,14,14.0,4,15,10,4,9,36,4,22,25,12,0.25,1.0,0.3,0.5,0.2222222222222222,1.3888888888888888,1.5,0.7727272727272727,1.2,1.1666666666666667
35,PA Reddy,12,7,2,19,1,23,27,7,42,24,16.4,11,9,5,17,8,20,30,11,35,13,1.0909090909090908,0.7777777777777778,0.4,1.1176470588235294,0.125,1.15,0.9,0.6363636363636364,1.2,1.8461538461538463
36,SD Chitnis,38,11,11,6,9,6,3,15,0,0,12.375,32,12,13,5,9,8,4,6,0,0,1.1875,0.9166666666666666,0.8461538461538461,1.2,1.0,0.75,0.75,2.5,0.0,0.0
37,SE Marsh,10,25,11,58,20,84,30,26,1,45,31.0,13,16,10,43,17,50,24,21,3,34,0.7692307692307693,1.5625,1.1,1.3488372093023255,1.1764705882352942,1.68,1.25,1.2380952380952381,0.3333333333333333,1.3235294117647058
38,A Chandila,4,0,0,0,0,0,0,0,0,0,2.0,6,1,0,0,0,0,0,0,0,0,0.6666666666666666,0.0,0.0,0.0,0.0,0.0,0.0,0.0,0.0,0.0
39,AL Menaria,1,21,20,6,18,34,2,36,22,1,16.1,2,20,17,5,21,27,4,34,20,6,0.5,1.05,1.1764705882352942,1.2,0.8571428571428571,1.2592592592592593,0.5,1.0588235294117647,1.1,0.16666666666666666
40,AM Rahane,27,17,16,21,21,15,71,9,37,31,26.5,13,10,11,20,17,13,29,10,20,18,2.076923076923077,1.7,1.4545454545454546,1.05,1.2352941176470589,1.1538461538461537,2.4482758620689653,0.9,1.85,1.7222222222222223
41,CA Lynn,49,41,46,54,0,51,1,82,0,50,37.4,35,29,22,29,3,47,2,51,5,32,1.4,1.4137931034482758,2.090909090909091,1.8620689655172413,0.0,1.0851063829787233,0.5,1.607843137254902,0.0,1.5625
42,J Botha,2,12,17,23,1,1,9,2,7,3,7.7,4,6,5,20,2,7,14,3,6,4,0.5,2.0,3.4,1.15,0.5,0.14285714285714285,0.6428571428571429,0.6666666666666666,1.1666666666666667,0.75
43,OA Shah,24,1,28,28,4,1,1,10,52,12,16.1,22,1,24,32,7,3,1,15,35,11,1.0909090909090908,1.0,1.1666666666666667,0.875,0.5714285714285714,0.3333333333333333,1.0,0.6666666666666666,1.4857142857142858,1.0909090909090908
44,R Dravid,43,12,25,4,22,4,53,58,6,22,24.9,37,10,24,5,28,7,44,40,3,17,1.162162162162162,1.2,1.0416666666666667,0.8,0.7857142857142857,0.5714285714285714,1.2045454545454546,1.45,2.0,1.2941176470588236
45,SP Goswami,0,0,5,12,35,3,18,1,24,0,9.8,1,3,5,9,26,3,21,2,22,1,0.0,0.0,1.0,1.3333333333333333,1.3461538461538463,1.0,0.8571428571428571,0.5,1.0909090909090908,0.0
46,SR Watson,14,14,8,42,14,1,83,36,50,33,29.5,16,19,3,38,18,6,49,28,40,21,0.875,0.7368421052631579,2.6666666666666665,1.105263157894737,0.7777777777777778,0.16666666666666666,1.6938775510204083,1.2857142857142858,1.25,1.5714285714285714
47,STR Binny,0,11,19,7,33,0,1,22,11,10,11.4,1,11,13,4,11,3,4,17,7,8,0.0,1.0,1.4615384615384615,1.75,3.0,0.0,0.25,1.2941176470588236,1.5714285714285714,1.25
48,AB de Villiers,11,12,11,4,26,19,23,0,3,75,18.4,9,11,6,1,26,13,18,1,9,42,1.2222222222222223,1.0909090909090908,1.8333333333333333,4.0,1.0,1.4615384615384615,1.2777777777777777,0.0,0.3333333333333333,1.7857142857142858
49,CH Gayle,14,1,13,46,0,43,15,11,10,40,19.3,17,4,9,24,1,35,17,9,10,28,0.8235294117647058,0.25,1.4444444444444444,1.9166666666666667,0.0,1.2285714285714286,0.8823529411764706,1.2222222222222223,1.0,1.4285714285714286
50,HV Patel,6,0,1,11,8,4,0,9,9,10,5.8,4,2,2,7,11,8,1,4,4,6,1.5,0.0,0.5,1.5714285714285714,0.7272727272727273,0.5,0.0,2.25,2.25,1.6666666666666667
51,M Muralitharan,0,6,5,1,1,4,3,0,0,0,2.2222222222222223,1,8,8,2,1,2,4,1,3,0,0.0,0.75,0.625,0.5,1.0,2.0,0.75,0.0,0.0,0.0
52,MA Agarwal,83,18,5,49,2,48,9,21,8,27,27.0,45,11,6,39,4,41,13,20,7,23,1.8444444444444446,1.6363636363636365,0.8333333333333334,1.2564102564102564,0.5,1.170731707317073,0.6923076923076923,1.05,1.1428571428571428,1.173913043478261
53,P Parameswaran,0,1,0,0,0,0,0,0,0,0,0.5,1,1,0,0,0,0,0,0,0,0,0.0,1.0,0.0,0.0,0.0,0.0,0.0,0.0,0.0,0.0
54,R Vinay Kumar,6,1,12,0,0,0,4,14,22,26,8.5,3,1,11,1,1,1,5,13,6,20,2.0,1.0,1.0909090909090908,0.0,0.0,0.0,0.8,1.0769230769230769,3.6666666666666665,1.3
55,SS Tiwary,15,50,45,5,34,21,5,1,42,52,27.0,18,40,37,2,25,13,8,3,31,43,0.8333333333333334,1.25,1.2162162162162162,2.5,1.36,1.6153846153846154,0.625,0.3333333333333333,1.3548387096774193,1.2093023255813953
56,TM Dilshan,13,33,25,5,0,4,10,47,53,19,20.9,18,36,22,5,8,12,7,49,44,25,0.7222222222222222,0.9166666666666666,1.1363636363636365,1.0,0.0,0.3333333333333333,1.4285714285714286,0.9591836734693877,1.2045454545454546,0.76
57,V Kohli,101,100,18,1,55,31,54,0,59,6,42.5,61,63,19,4,46,30,37,1,46,4,1.6557377049180328,1.5873015873015872,0.9473684210526315,0.25,1.1956521739130435,1.0333333333333334,1.4594594594594594,0.0,1.2826086956521738,1.5
58,Z Khan,1,2,1,2,4,1,7,0,0,1,1.9,1,11,1,4,9,2,3,2,4,3,1.0,0.18181818181818182,1.0,0.5,0.4444444444444444,0.5,2.3333333333333335,0.0,0.0,0.3333333333333333
59,AB Dinda,7,2,2,0,6,2,1,0,0,2,2.2,7,4,5,3,5,2,1,1,2,5,1.0,0.5,0.4,0.0,1.2,1.0,1.0,0.0,0.0,0.4
60,AD Mathews,31,1,1,12,16,22,0,17,28,15,14.3,23,4,3,10,17,15,1,8,21,11,1.3478260869565217,0.25,0.3333333333333333,1.2,0.9411764705882353,1.4666666666666666,0.0,2.125,1.3333333333333333,1.3636363636363635
61,AM Nayar,11,5,23,4,11,1,2,2,0,0,5.9,17,7,20,3,14,3,4,2,2,1,0.6470588235294118,0.7142857142857143,1.15,1.3333333333333333,0.7857142857142857,0.3333333333333333,0.5,1.0,0.0,0.0
62,B Kumar,27,2,5,2,6,1,6,8,5,1,6.3,26,1,5,5,10,1,7,9,3,2,1.0384615384615385,2.0,1.0,0.4,0.6,1.0,0.8571428571428571,0.8888888888888888,1.6666666666666667,0.5
63,DB Ravi Teja,10,4,4,0,60,30,2,30,8,1,14.9,13,4,2,2,41,27,9,22,5,4,0.7692307692307693,1.0,2.0,0.0,1.4634146341463414,1.1111111111111112,0.2222222222222222,1.3636363636363635,1.6,0.25
64,GH Vihari,2,2,6,8,9,16,1,6,19,41,11.0,5,3,12,5,8,10,8,9,28,37,0.4,0.6666666666666666,0.5,1.6,1.125,1.6,0.125,0.6666666666666666,0.6785714285714286,1.1081081081081081
65,LRPL Taylor,4,6,6,43,8,4,17,15,19,24,14.6,5,6,9,39,13,5,20,19,19,14,0.8,1.0,0.6666666666666666,1.1025641025641026,0.6153846153846154,0.8,0.85,0.7894736842105263,1.0,1.7142857142857142
66,MK Pandey,0,27,1,1,34,21,50,26,0,22,18.2,3,29,4,3,26,23,38,14,1,22,0.0,0.9310344827586207,0.25,0.3333333333333333,1.3076923076923077,0.9130434782608695,1.3157894736842106,1.8571428571428572,0.0,1.0
67,MN Samuels,0,27,1,1,3,5,1,3,26,34,10.1,1,21,4,5,9,9,1,8,24,20,0.0,1.2857142857142858,0.25,0.2,0.3333333333333333,0.5555555555555556,1.0,0.375,1.0833333333333333,1.7
68,MR Marsh,3,5,26,63,25,2,0,4,0,0,12.8,4,4,17,39,15,9,4,4,1,1,0.75,1.25,1.5294117647058822,1.6153846153846154,1.6666666666666667,0.2222222222222222,0.0,1.0,0.0,0.0
69,NLTC Perera,23,13,17,14,14,12,3,12,34,8,15.0,14,11,13,8,5,9,2,9,13,9,1.6428571428571428,1.1818181818181819,1.3076923076923077,1.75,2.8,1.3333333333333333,1.5,1.3333333333333333,2.6153846153846154,0.8888888888888888
70,R Sharma,0,0,0,10,1,0,0,0,2,0,1.3,1,1,1,12,1,1,3,2,4,2,0.0,0.0,0.0,0.8333333333333334,1.0,0.0,0.0,0.0,0.5,0.0
71,RV Uthappa,1,0,1,1,30,3,88,15,13,50,20.2,6,1,3,7,25,10,50,11,10,27,0.16666666666666666,0.0,0.3333333333333333,0.14285714285714285,1.2,0.3,1.76,1.3636363636363635,1.3,1.8518518518518519
72,Yuvraj Singh,4,18,23,53,1,14,14,20,4,12,16.3,6,22,12,34,3,14,17,13,4,22,0.6666666666666666,0.8181818181818182,1.9166666666666667,1.5588235294117647,0.3333333333333333,1.0,0.8235294117647058,1.5384615384615385,1.0,0.5454545454545454
73,JD Unadkat,9,1,19,14,12,13,6,24,11,9,11.8,7,1,9,6,7,14,5,17,7,13,1.2857142857142858,1.0,2.111111111111111,2.3333333333333335,1.7142857142857142,0.9285714285714286,1.2,1.411764705882353,1.5714285714285714,0.6923076923076923
74,KB Arun Karthik,12,5,5,0,19,6,1,3,0,0,6.375,8,5,5,1,19,6,2,5,0,0,1.5,1.0,1.0,0.0,1.0,1.0,0.5,0.6,0.0,0.0
75,KK Nair,13,3,15,0,1,5,54,1,3,3,9.8,13,5,8,3,3,6,26,3,6,5,1.0,0.6,1.875,0.0,0.3333333333333333,0.8333333333333334,2.076923076923077,0.3333333333333333,0.5,0.6
76,M Kartik,0,2,8,4,14,1,11,1,21,11,7.3,1,2,9,3,9,2,13,2,20,10,0.0,1.0,0.8888888888888888,1.3333333333333333,1.5555555555555556,0.5,0.8461538461538461,0.5,1.05,1.1
77,MC Henriques,3,12,2,14,4,44,4,25,7,55,17.0,3,9,3,17,2,35,6,18,6,28,1.0,1.3333333333333333,0.6666666666666666,0.8235294117647058,2.0,1.2571428571428571,0.6666666666666666,1.3888888888888888,1.1666666666666667,1.9642857142857142
78,DA Warner,86,46,54,0,22,2,0,21,57,19,30.7,58,31,27,2,14,2,2,20,41,13,1.4827586206896552,1.4838709677419355,2.0,0.0,1.5714285714285714,1.0,0.0,1.05,1.3902439024390243,1.4615384615384615
79,DPMD Jayawardene,14,4,19,34,11,5,12,39,59,6,20.3,9,4,13,31,12,8,13,42,43,11,1.5555555555555556,1.0,1.4615384615384615,1.096774193548387,0.9166666666666666,0.625,0.9230769230769231,0.9285714285714286,1.372093023255814,0.5454545454545454
80,IK Pathan,2,2,7,2,23,1,21,4,1,5,6.8,3,3,8,2,19,2,21,2,1,9,0.6666666666666666,0.6666666666666666,0.875,1.0,1.2105263157894737,0.5,1.0,2.0,1.0,0.5555555555555556
81,KM Jadhav,12,12,3,19,12,9,26,4,3,7,10.7,10,12,8,19,4,9,21,7,10,12,1.2,1.0,0.375,1.0,3.0,1.0,1.2380952380952381,0.5714285714285714,0.3,0.5833333333333334
82,M Morkel,1,4,4,0,19,13,2,0,23,0,6.6,1,3,3,1,10,4,4,1,9,1,1.0,1.3333333333333333,1.3333333333333333,0.0,1.9,3.25,0.5,0.0,2.5555555555555554,0.0
83,MC Juneja,14,2,17,15,49,20,8,0,0,0,17.857142857142858,20,3,16,22,36,18,9,0,0,0,0.7,0.6666666666666666,1.0625,0.6818181818181818,1.3611111111111112,1.1111111111111112,0.8888888888888888,0.0,0.0,0.0
84,S Nadeem,0,2,5,6,2,0,0,1,2,3,2.1,1,3,5,8,6,1,2,5,7,3,0.0,0.6666666666666666,1.0,0.75,0.3333333333333333,0.0,0.0,0.2,0.2857142857142857,1.0
85,UT Yadav,4,3,1,5,6,0,0,15,21,1,5.6,4,5,1,6,2,1,1,15,9,1,1.0,0.6,1.0,0.8333333333333334,3.0,0.0,0.0,1.0,2.3333333333333335,1.0
86,V Sehwag,2,1,1,1,11,47,36,0,7,122,22.8,5,2,2,4,10,41,19,1,10,58,0.4,0.5,0.5,0.25,1.1,1.146341463414634,1.894736842105263,0.0,0.7,2.103448275862069
87,EJG Morgan,4,0,5,2,13,2,8,7,0,0,4.1,8,3,7,2,10,2,14,8,2,2,0.5,0.0,0.7142857142857143,1.0,1.3,1.0,0.5714285714285714,0.875,0.0,0.0
88,G Gambhir,4,3,8,15,55,12,32,21,8,14,17.2,13,10,7,16,42,15,19,16,18,16,0.3076923076923077,0.3,1.1428571428571428,0.9375,1.3095238095238095,0.8,1.6842105263157894,1.3125,0.4444444444444444,0.875
89,JH Kallis,10,4,13,9,43,0,72,24,1,41,21.7,6,6,17,11,42,1,46,29,7,45,1.6666666666666667,0.6666666666666666,0.7647058823529411,0.8181818181818182,1.0238095238095237,0.0,1.565217391304348,0.8275862068965517,0.14285714285714285,0.9111111111111111
90,KV Sharma,2,1,1,4,19,5,9,11,8,2,6.2,2,3,5,7,6,5,8,10,11,2,1.0,0.3333333333333333,0.2,0.5714285714285714,3.1666666666666665,1.0,1.125,1.1,0.7272727272727273,1.0
91,MS Bisla,17,20,3,15,1,0,12,17,29,4,11.8,14,16,9,14,0,2,13,19,24,7,1.2142857142857142,1.25,0.3333333333333333,1.0714285714285714,0.0,0.0,0.9230769230769231,0.8947368421052632,1.2083333333333333,0.5714285714285714
92,YK Pathan,3,5,0,9,6,16,1,45,3,24,11.2,4,4,4,11,6,12,4,25,7,29,0.75,1.25,0.0,0.8181818181818182,1.0,1.3333333333333333,0.25,1.8,0.42857142857142855,0.8275862068965517
93,AJ Finch,14,4,3,58,7,32,52,15,47,29,26.1,14,7,7,28,5,30,35,11,37,27,1.0,0.5714285714285714,0.42857142857142855,2.0714285714285716,1.4,1.0666666666666667,1.4857142857142858,1.3636363636363635,1.2702702702702702,1.0740740740740742
94,BB Samantray,14,5,55,0,2,10,37,2,0,0,15.625,11,2,45,1,2,12,37,2,0,0,1.2727272727272727,2.5,1.2222222222222223,0.0,1.0,0.8333333333333334,1.0,1.0,0.0,0.0
95,Q de Kock,28,16,29,70,6,140,7,11,50,23,38.0,27,15,19,41,5,70,4,10,29,13,1.037037037037037,1.0666666666666667,1.5263157894736843,1.7073170731707317,1.2,2.0,1.75,1.1,1.7241379310344827,1.7692307692307692
96,SPD Smith,9,39,24,4,34,33,9,1,11,31,19.5,8,34,22,5,25,28,12,4,8,20,1.125,1.1470588235294117,1.0909090909090908,0.8,1.36,1.1785714285714286,0.75,0.25,1.375,1.55
97,TL Suman,11,0,12,23,6,10,5,2,4,5,7.8,14,1,14,15,14,10,9,7,4,6,0.7857142857142857,0.0,0.8571428571428571,1.5333333333333334,0.42857142857142855,1.0,0.5555555555555556,0.2857142857142857,1.0,0.8333333333333334
98,AC Gilchrist,5,6,26,42,85,27,42,4,26,7,27.0,7,3,22,32,54,27,26,3,25,12,0.7142857142857143,2.0,1.1818181818181819,1.3125,1.5740740740740742,1.0,1.6153846153846154,1.3333333333333333,1.04,0.5833333333333334
99,AD Mascarenhas,5,9,0,5,3,9,8,4,27,0,7.0,5,10,1,5,3,7,8,2,28,1,1.0,0.9,0.0,1.0,1.0,1.2857142857142858,1.0,2.0,0.9642857142857143,0.0
100,Gurkeerat Singh,2,19,15,14,21,65,6,27,51,18,23.8,2,17,24,11,26,48,3,19,30,18,1.0,1.1176470588235294,0.625,1.2727272727272727,0.8076923076923077,1.3541666666666667,2.0,1.4210526315789473,1.7,1.0
101,M Vohra,10,19,7,14,9,12,8,45,0,2,12.6,11,10,9,11,11,8,10,31,1,5,0.9090909090909091,1.9,0.7777777777777778,1.2727272727272727,0.8181818181818182,1.5,0.8,1.4516129032258065,0.0,0.4
102,P Kumar,1,7,1,1,6,15,1,0,4,12,4.8,2,7,2,4,4,13,1,2,6,16,0.5,1.0,0.5,0.25,1.5,1.1538461538461537,1.0,0.0,0.6666666666666666,0.75
103,PC Valthaty,6,2,6,8,0,1,13,5,20,62,12.3,17,10,12,8,1,5,15,6,17,50,0.35294117647058826,0.2,0.5,1.0,0.0,0.2,0.8666666666666667,0.8333333333333334,1.1764705882352942,1.24
104,PP Chawla,0,2,18,5,0,4,4,14,8,12,6.7,2,2,12,6,2,8,5,6,13,5,0.0,1.0,1.5,0.8333333333333334,0.0,0.5,0.8,2.3333333333333335,0.6153846153846154,2.4
105,CH Morris,5,0,14,10,0,36,2,2,25,0,9.4,5,2,11,7,2,18,4,5,8,2,1.0,0.0,1.2727272727272727,1.4285714285714286,0.0,2.0,0.5,0.4,3.125,0.0
106,DJG Sammy,6,7,29,0,10,7,8,10,23,15,11.5,9,9,19,3,4,16,8,4,15,11,0.6666666666666666,0.7777777777777778,1.5263157894736843,0.0,2.5,0.4375,1.0,2.5,1.5333333333333334,1.3636363636363635
107,MEK Hussey,4,56,16,1,39,22,56,6,56,10,26.6,9,46,11,4,33,11,33,9,39,18,0.4444444444444444,1.2173913043478262,1.4545454545454546,0.25,1.1818181818181819,2.0,1.696969696969697,0.6666666666666666,1.435897435897436,0.5555555555555556
108,X Thalaivan Sargunam,10,0,0,0,0,0,0,0,0,0,10.0,17,0,0,0,0,0,0,0,0,0,0.5882352941176471,0.0,0.0,0.0,0.0,0.0,0.0,0.0,0.0,0.0
109,A Nehra,1,0,0,0,1,0,0,1,0,9,1.2,1,1,1,1,4,1,1,5,1,8,1.0,0.0,0.0,0.0,0.25,0.0,0.0,0.2,0.0,1.125
110,BMAJ Mendis,11,12,0,0,0,0,0,0,0,0,7.666666666666667,9,17,1,0,0,0,0,0,0,0,1.2222222222222223,0.7058823529411765,0.0,0.0,0.0,0.0,0.0,0.0,0.0,0.0
111,UBT Chand,0,13,5,14,58,12,2,16,41,17,17.8,4,14,4,10,36,17,9,12,35,22,0.0,0.9285714285714286,1.25,1.4,1.6111111111111112,0.7058823529411765,0.2222222222222222,1.3333333333333333,1.1714285714285715,0.7727272727272727
112,JP Faulkner,8,14,1,6,21,4,7,32,9,22,12.4,10,8,3,7,27,2,6,27,5,13,0.8,1.75,0.3333333333333333,0.8571428571428571,0.7777777777777778,2.0,1.1666666666666667,1.1851851851851851,1.8,1.6923076923076923
113,KL Rahul,0,12,68,39,74,18,35,20,8,79,35.3,3,9,61,32,56,20,27,18,12,58,0.0,1.3333333333333333,1.1147540983606556,1.21875,1.3214285714285714,0.9,1.2962962962962963,1.1111111111111112,0.6666666666666666,1.3620689655172413
114,NV Ojha,1,16,9,34,11,9,7,10,7,15,11.9,4,16,9,20,11,9,4,8,9,25,0.25,1.0,1.0,1.7,1.0,1.0,1.75,1.25,0.7777777777777778,0.6
115,RS Bopara,17,17,0,23,2,41,23,22,8,42,19.5,11,12,2,27,4,30,19,15,11,33,1.5454545454545454,1.4166666666666667,0.0,0.8518518518518519,0.5,1.3666666666666667,1.2105263157894737,1.4666666666666666,0.7272727272727273,1.2727272727272727
116,SV Samson,2,4,48,66,30,14,17,22,2,60,26.5,3,5,29,38,20,10,17,15,4,32,0.6666666666666666,0.8,1.6551724137931034,1.736842105263158,1.5,1.4,1.0,1.4666666666666666,0.5,1.875
117,SS Iyer,50,15,6,6,34,42,12,85,28,54,33.2,29,9,8,9,32,37,14,51,25,33,1.7241379310344827,1.6666666666666667,0.75,0.6666666666666666,1.0625,1.135135135135135,0.8571428571428571,1.6666666666666667,1.12,1.6363636363636365
118,AR Patel,15,1,21,8,27,29,34,19,21,54,22.9,8,2,12,3,30,14,34,22,14,25,1.875,0.5,1.75,2.6666666666666665,0.9,2.0714285714285716,1.0,0.8636363636363636,1.5,2.16
119,Anureet Singh,3,15,0,8,0,10,0,0,0,0,4.5,4,12,2,3,2,20,1,3,0,0,0.75,1.25,0.0,2.6666666666666665,0.0,0.5,0.0,0.0,0.0,0.0
120,GJ Bailey,9,8,33,34,0,12,13,6,2,21,13.8,11,18,27,40,2,7,9,11,4,18,0.8181818181818182,0.4444444444444444,1.2222222222222223,0.85,0.0,1.7142857142857142,1.4444444444444444,0.5454545454545454,0.5,1.1666666666666667
121,MG Johnson,12,4,13,7,1,4,1,8,4,1,5.5,6,5,14,3,2,12,4,4,6,2,2.0,0.8,0.9285714285714286,2.3333333333333335,0.5,0.3333333333333333,0.25,2.0,0.6666666666666666,0.5
122,R Dhawan,19,1,4,7,5,21,11,3,25,1,9.7,11,1,13,3,2,22,4,2,20,1,1.7272727272727273,1.0,0.3076923076923077,2.3333333333333335,2.5,0.9545454545454546,2.75,1.5,1.25,1.0
123,Sandeep Sharma,0,2,0,8,2,0,9,1,0,1,2.3,1,5,1,6,4,1,6,2,2,0,0.0,0.4,0.0,1.3333333333333333,0.5,0.0,1.5,0.5,0.0,0.0
124,WP Saha,54,18,12,12,0,2,81,41,0,10,23.0,39,16,11,14,3,5,43,34,6,10,1.3846153846153846,1.125,1.0909090909090908,0.8571428571428571,0.0,0.4,1.8837209302325582,1.2058823529411764,0.0,1.0
125,BB McCullum,5,37,38,4,0,43,1,45,7,3,18.3,3,25,28,4,1,23,3,27,7,6,1.6666666666666667,1.48,1.3571428571428572,1.0,0.0,1.8695652173913044,0.3333333333333333,1.6666666666666667,1.0,0.5
126,DR Smith,54,8,74,9,0,4,5,1,0,47,20.2,33,8,39,4,1,4,4,4,2,30,1.6363636363636365,1.0,1.8974358974358974,2.25,0.0,1.0,1.25,0.25,0.0,1.5666666666666667
127,P Negi,4,5,0,0,0,3,13,5,21,35,8.6,3,6,2,1,1,4,5,3,23,23,1.3333333333333333,0.8333333333333334,0.0,0.0,0.0,0.75,2.6,1.6666666666666667,0.9130434782608695,1.5217391304347827
128,LMP Simmons,3,3,5,0,59,1,66,8,68,65,27.8,8,6,13,5,32,5,43,8,45,51,0.375,0.5,0.38461538461538464,0.0,1.84375,0.2,1.5348837209302326,1.0,1.511111111111111,1.2745098039215685
129,DJ Hooda,15,5,11,1,11,2,2,2,9,7,6.5,13,7,11,2,6,2,4,3,10,8,1.1538461538461537,0.7142857142857143,1.0,0.5,1.8333333333333333,1.0,0.5,0.6666666666666666,0.9,0.875
130,SN Khan,9,10,30,4,10,32,1,12,36,0,14.4,10,9,34,9,7,16,3,13,28,3,0.9,1.1111111111111112,0.8823529411764706,0.4444444444444444,1.4285714285714286,2.0,0.3333333333333333,0.9230769230769231,1.2857142857142858,0.0
131,AD Russell,7,2,10,42,24,34,1,9,38,21,18.8,9,2,10,23,15,19,2,6,31,11,0.7777777777777778,1.0,1.0,1.826086956521739,1.6,1.7894736842105263,0.5,1.5,1.2258064516129032,1.9090909090909092
132,KS Williamson,8,9,4,47,5,16,3,17,57,32,19.8,7,17,11,37,8,17,9,12,46,40,1.1428571428571428,0.5294117647058824,0.36363636363636365,1.2702702702702702,0.625,0.9411764705882353,0.3333333333333333,1.4166666666666667,1.2391304347826086,0.8
133,Parvez Rasool,10,2,4,1,0,0,0,0,0,0,4.25,9,2,5,4,0,0,0,0,0,0,1.1111111111111112,1.0,0.8,0.25,0.0,0.0,0.0,0.0,0.0,0.0
134,Sachin Baby,7,12,2,1,18,0,25,33,16,27,14.1,17,8,4,3,10,3,13,29,8,16,0.4117647058823529,1.5,0.5,0.3333333333333333,1.8,0.0,1.9230769230769231,1.1379310344827587,2.0,1.6875
135,A Badoni,1,25,21,59,4,43,8,1,5,30,19.7,7,21,11,29,11,24,6,4,6,24,0.14285714285714285,1.1904761904761905,1.9090909090909092,2.0344827586206895,0.36363636363636365,1.7916666666666667,1.3333333333333333,0.25,0.8333333333333334,1.25
136,A Manohar,2,26,42,3,27,14,0,2,12,43,17.1,3,32,21,5,13,8,1,4,12,28,0.6666666666666666,0.8125,2.0,0.6,2.076923076923077,1.75,0.0,0.5,1.0,1.5357142857142858
137,E Lewis,2,5,1,55,10,36,58,6,24,27,22.4,6,13,5,23,9,21,37,4,19,12,0.3333333333333333,0.38461538461538464,0.2,2.391304347826087,1.1111111111111112,1.7142857142857142,1.5675675675675675,1.5,1.263157894736842,2.25
138,HH Pandya,21,28,8,8,4,25,39,59,26,13,23.1,12,13,7,6,3,15,15,53,20,14,1.75,2.1538461538461537,1.1428571428571428,1.3333333333333333,1.3333333333333333,1.6666666666666667,2.6,1.1132075471698113,1.3,0.9285714285714286
139,KH Pandya,8,9,49,0,0,14,5,23,4,18,13.0,11,8,42,1,1,11,2,23,2,17,0.7272727272727273,1.125,1.1666666666666667,0.0,0.0,1.2727272727272727,2.5,1.0,2.0,1.0588235294117647
140,MS Wade,8,35,16,20,10,12,19,6,1,30,15.7,6,26,13,15,7,6,11,7,2,29,1.3333333333333333,1.3461538461538463,1.2307692307692308,1.3333333333333333,1.4285714285714286,2.0,1.7272727272727273,0.8571428571428571,0.5,1.0344827586206897
141,PVD Chameera,11,0,0,17,1,13,1,0,0,0,6.142857142857143,4,2,1,10,3,7,1,0,0,0,2.75,0.0,0.0,1.7,0.3333333333333333,1.8571428571428572,1.0,0.0,0.0,0.0
142,R Tewatia,3,4,3,14,20,20,2,1,5,15,8.7,5,5,3,13,7,5,2,1,2,14,0.6,0.8,1.0,1.0769230769230769,2.857142857142857,4.0,1.0,1.0,2.5,1.0714285714285714
143,Shubman Gill,39,129,42,104,101,6,94,36,6,49,60.6,20,60,38,52,58,9,51,35,7,35,1.95,2.15,1.105263157894737,2.0,1.7413793103448276,0.6666666666666666,1.8431372549019607,1.0285714285714285,0.8571428571428571,1.4
144,V Shankar,14,53,29,6,51,19,10,63,29,27,30.1,10,35,14,9,24,16,12,24,23,21,1.4,1.5142857142857142,2.0714285714285716,0.6666666666666666,2.125,1.1875,0.8333333333333334,2.625,1.2608695652173914,1.2857142857142858
145,D Pretorius,13,1,22,8,0,0,0,0,0,0,8.8,8,1,14,4,1,0,0,0,0,0,1.625,1.0,1.5714285714285714,2.0,0.0,0.0,0.0,0.0,0.0,0.0
146,MM Ali,9,1,7,10,23,6,19,7,19,23,12.4,4,2,12,6,12,6,9,10,13,17,2.25,0.5,0.5833333333333334,1.6666666666666667,1.9166666666666667,1.0,2.111111111111111,0.7,1.4615384615384615,1.3529411764705883
147,RD Gaikwad,26,60,79,17,24,30,37,47,35,35,39.0,16,44,50,13,18,16,31,29,20,30,1.625,1.3636363636363635,1.58,1.3076923076923077,1.3333333333333333,1.875,1.1935483870967742,1.6206896551724137,1.75,1.1666666666666667
148,S Dube,32,1,22,48,25,26,28,52,50,52,33.6,21,3,9,33,12,18,17,33,21,27,1.5238095238095237,0.3333333333333333,2.4444444444444446,1.4545454545454546,2.0833333333333335,1.4444444444444444,1.6470588235294117,1.5757575757575757,2.380952380952381,1.9259259259259258
149,AK Markram,13,18,10,28,6,41,8,3,12,22,16.1,7,20,10,20,5,40,13,5,12,17,1.8571428571428572,0.9,1.0,1.4,1.2,1.025,0.6153846153846154,0.6,1.0,1.2941176470588236
150,Abdul Samad,4,37,17,21,28,9,21,32,0,4,17.3,3,25,7,18,21,11,10,32,1,6,1.3333333333333333,1.48,2.4285714285714284,1.1666666666666667,1.3333333333333333,0.8181818181818182,2.1,1.0,0.0,0.6666666666666666
151,Abhishek Sharma,11,5,7,55,9,67,5,34,1,32,22.6,14,5,5,34,10,36,5,26,2,17,0.7857142857142857,1.0,1.4,1.6176470588235294,0.9,1.8611111111111112,1.0,1.3076923076923077,0.5,1.8823529411764706
152,JO Holder,11,0,1,1,1,13,11,0,16,8,6.2,9,1,1,2,2,4,8,2,9,14,1.2222222222222223,0.0,1.0,0.5,0.5,3.25,1.375,0.0,1.7777777777777777,0.5714285714285714
153,N Pooran,0,58,8,44,3,20,9,45,1,29,21.7,1,30,8,13,6,31,7,19,7,20,0.0,1.9333333333333333,1.0,3.3846153846153846,0.5,0.6451612903225806,1.2857142857142858,2.3684210526315788,0.14285714285714285,1.45
154,R Shepherd,0,26,8,24,0,0,0,0,0,0,14.5,1,15,8,18,0,0,0,0,0,0,0.0,1.7333333333333334,1.0,1.3333333333333333,0.0,0.0,0.0,0.0,0.0,0.0
155,RA Tripathi,15,1,20,47,20,10,15,21,7,9,16.5,12,2,13,29,9,6,21,21,5,4,1.25,0.5,1.5384615384615385,1.6206896551724137,2.2222222222222223,1.6666666666666667,0.7142857142857143,1.0,1.4,2.25
156,Umran Malik,19,0,3,0,1,0,0,0,0,0,4.6,8,1,5,1,1,0,0,0,0,0,2.375,0.0,0.6,0.0,1.0,0.0,0.0,0.0,0.0,0.0
157,Washington Sundar,24,9,10,16,1,25,9,4,2,3,10.3,15,6,2,28,5,15,7,9,2,4,1.6,1.5,5.0,0.5714285714285714,0.2,1.6666666666666667,1.2857142857142858,0.4444444444444444,1.0,0.75
158,PP Shaw,5,54,13,0,15,0,7,12,24,5,13.5,7,38,11,2,10,3,3,9,23,7,0.7142857142857143,1.4210526315789473,1.1818181818181819,0.0,1.5,0.0,2.3333333333333335,1.3333333333333333,1.0434782608695652,0.7142857142857143
159,R Powell,4,2,1,43,2,3,67,35,33,36,22.6,4,2,3,34,6,9,35,21,16,15,1.0,1.0,0.3333333333333333,1.2647058823529411,0.3333333333333333,0.3333333333333333,1.9142857142857144,1.6666666666666667,2.0625,2.4
160,RR Pant,39,7,13,21,26,44,2,44,34,27,25.7,33,3,4,11,16,30,5,24,17,14,1.1818181818181819,2.3333333333333335,3.25,1.9090909090909092,1.625,1.4666666666666666,0.4,1.8333333333333333,2.0,1.9285714285714286
161,Avesh Khan,0,1,12,2,7,5,4,0,0,0,4.428571428571429,1,2,4,5,2,3,3,0,0,0,0.0,0.5,3.0,0.4,3.5,1.6666666666666667,1.3333333333333333,0.0,0.0,0.0
162,D Padikkal,51,4,12,2,27,52,26,26,38,21,25.9,30,4,12,4,13,34,21,25,26,26,1.7,1.0,1.0,0.5,2.076923076923077,1.5294117647058822,1.2380952380952381,1.04,1.4615384615384615,0.8076923076923077
163,HE van der Dussen,12,6,4,0,0,0,0,0,0,0,7.333333333333333,10,10,4,0,0,0,0,0,0,0,1.2,0.6,1.0,0.0,0.0,0.0,0.0,0.0,0.0,0.0
164,JC Buttler,0,0,0,95,8,18,27,0,40,0,18.8,4,2,3,59,6,19,21,2,37,5,0.0,0.0,0.0,1.6101694915254237,1.3333333333333333,0.9473684210526315,1.2857142857142858,0.0,1.0810810810810811,0.0
165,K Gowtham,2,11,1,23,1,17,6,0,22,20,10.3,3,4,3,13,2,11,1,1,13,14,0.6666666666666666,2.75,0.3333333333333333,1.7692307692307692,0.5,1.5454545454545454,6.0,0.0,1.6923076923076923,1.4285714285714286
166,MP Stoinis,40,0,89,40,4,6,13,72,0,21,28.5,27,2,47,25,9,4,19,40,1,16,1.4814814814814814,0.0,1.8936170212765957,1.6,0.4444444444444444,1.5,0.6842105263157895,1.8,0.0,1.3125
167,R Ashwin,2,8,1,12,3,10,30,0,1,6,7.3,6,5,1,6,2,3,22,4,2,9,0.3333333333333333,1.6,1.0,2.0,1.5,3.3333333333333335,1.3636363636363635,0.0,0.5,0.6666666666666666
168,R Parag,20,4,15,5,7,20,7,15,4,10,10.7,12,6,12,7,11,12,6,15,3,10,1.6666666666666667,0.6666666666666666,1.25,0.7142857142857143,0.6363636363636364,1.6666666666666667,1.1666666666666667,1.0,1.3333333333333333,1.0
169,SO Hetmyer,46,35,7,7,8,8,3,2,56,30,20.2,28,19,5,13,9,10,9,5,26,18,1.6428571428571428,1.8421052631578947,1.4,0.5384615384615384,0.8888888888888888,0.8,0.3333333333333333,0.4,2.1538461538461537,1.6666666666666667
170,TA Boult,1,15,0,0,11,17,3,1,5,2,5.5,2,11,-1,1,7,9,3,1,7,1,0.5,1.3636363636363635,-0.0,0.0,1.5714285714285714,1.8888888888888888,1.0,1.0,0.7142857142857143,2.0
171,Anuj Rawat,23,29,6,8,9,15,1,0,4,0,9.5,15,11,4,3,11,22,5,2,5,1,1.5333333333333334,2.6363636363636362,1.5,2.6666666666666665,0.8181818181818182,0.6818181818181818,0.2,0.0,0.8,0.0
172,GJ Maxwell,11,5,54,68,0,4,5,77,0,76,30.0,5,3,32,33,1,5,4,39,1,36,2.2,1.6666666666666667,1.6875,2.0606060606060606,0.0,0.8,1.25,1.9743589743589745,0.0,2.111111111111111
173,Ravi Bishnoi,3,2,4,5,0,3,3,0,1,6,2.7,6,2,5,10,1,1,2,1,4,7,0.5,1.0,0.8,0.5,0.0,3.0,1.5,0.0,0.25,0.8571428571428571
174,SS Prabhudessai,6,10,0,19,2,15,10,6,34,0,11.333333333333334,7,9,2,11,7,20,9,5,18,0,0.8571428571428571,1.1111111111111112,0.0,1.7272727272727273,0.2857142857142857,0.75,1.1111111111111112,1.2,1.8888888888888888,0.0
175,Shahbaz Ahmed,2,2,5,12,20,1,12,9,1,2,6.6,5,4,3,10,12,5,8,14,2,2,0.4,0.5,1.6666666666666667,1.2,1.6666666666666667,0.2,1.5,0.6428571428571429,0.5,1.0
176,D Brevis,37,3,4,31,49,8,29,0,0,0,23.0,33,5,7,9,25,11,19,0,0,0,1.121212121212121,0.6,0.5714285714285714,3.4444444444444446,1.96,0.7272727272727273,1.5263157894736843,0.0,0.0,0.0
177,DR Sams,0,15,1,1,0,6,3,5,0,7,3.8,1,11,6,2,2,1,7,3,1,2,0.0,1.3636363636363635,0.16666666666666666,0.5,0.0,6.0,0.42857142857142855,1.6666666666666667,0.0,3.5
178,Ishan Kishan,15,14,59,31,42,7,75,28,13,1,28.5,12,12,39,20,21,9,41,23,21,4,1.25,1.1666666666666667,1.5128205128205128,1.55,2.0,0.7777777777777778,1.829268292682927,1.2173913043478262,0.6190476190476191,0.25
179,JJ Bumrah,0,0,0,0,1,5,1,5,3,0,1.5,4,2,1,1,1,6,2,2,3,1,0.0,0.0,0.0,0.0,1.0,0.8333333333333334,0.5,2.5,1.0,0.0
180,KA Pollard,15,4,10,19,14,25,10,0,22,22,14.1,16,14,14,20,9,14,11,1,5,24,0.9375,0.2857142857142857,0.7142857142857143,0.95,1.5555555555555556,1.7857142857142858,0.9090909090909091,0.0,4.4,0.9166666666666666
181,SA Yadav,61,33,25,7,103,83,26,66,55,23,48.2,38,20,16,9,49,34,21,31,29,12,1.605263157894737,1.65,1.5625,0.7777777777777778,2.1020408163265305,2.4411764705882355,1.2380952380952381,2.129032258064516,1.896551724137931,1.9166666666666667
182,Tilak Varma,43,26,26,29,2,3,37,30,41,22,25.9,14,22,10,21,3,4,17,25,29,18,3.0714285714285716,1.1818181818181819,2.6,1.380952380952381,0.6666666666666666,0.75,2.176470588235294,1.2,1.4137931034482758,1.2222222222222223
183,Arshdeep Singh,2,2,0,9,0,10,0,1,1,0,2.5,2,3,2,17,1,5,1,1,2,3,1.0,0.6666666666666666,0.0,0.5294117647058824,0.0,2.0,0.0,1.0,0.5,0.0
184,JM Bairstow,23,28,66,56,1,32,6,9,12,12,24.5,15,15,29,40,6,28,3,8,10,13,1.5333333333333334,1.8666666666666667,2.2758620689655173,1.4,0.16666666666666666,1.1428571428571428,2.0,1.125,1.2,0.9230769230769231
185,JM Sharma,44,0,5,21,49,21,24,25,41,2,23.2,28,3,5,18,27,10,10,7,27,4,1.5714285714285714,0.0,1.0,1.1666666666666667,1.8148148148148149,2.1,2.4,3.5714285714285716,1.5185185185185186,0.5
186,K Rabada,0,0,6,0,2,2,1,12,25,4,5.2,1,1,2,1,5,6,1,12,16,1,0.0,0.0,3.0,0.0,0.4,0.3333333333333333,1.0,1.0,1.5625,4.0
187,LS Livingstone,9,94,4,15,82,40,23,10,2,49,32.8,13,48,5,9,38,24,14,12,4,22,0.6923076923076923,1.9583333333333333,0.8,1.6666666666666667,2.1578947368421053,1.6666666666666667,1.6428571428571428,0.8333333333333334,0.5,2.227272727272727
188,Mohsin Khan (2),0,9,1,13,0,0,0,0,0,0,5.75,7,7,3,6,0,0,0,0,0,0,0.0,1.2857142857142858,0.3333333333333333,2.1666666666666665,0.0,0.0,0.0,0.0,0.0,0.0
189,PBB Rajapaksa,0,20,1,50,4,1,27,40,9,42,19.4,3,26,1,32,5,3,18,28,7,32,0.0,0.7692307692307693,1.0,1.5625,0.8,0.3333333333333333,1.5,1.4285714285714286,1.2857142857142858,1.3125
190,RD Chahar,0,0,25,2,4,12,0,22,12,0,7.7,1,8,24,2,4,12,2,14,8,2,0.0,0.0,1.0416666666666667,1.0,1.0,1.0,0.0,1.5714285714285714,1.5,0.0
191,AS Roy,6,13,0,4,0,0,0,0,0,0,4.6,6,7,1,5,2,0,0,0,0,0,1.0,1.8571428571428572,0.0,0.8,0.0,0.0,0.0,0.0,0.0,0.0
192,B Indrajith,0,15,6,0,0,0,0,0,0,0,7.0,6,16,8,0,0,0,0,0,0,0,0.0,0.9375,0.75,0.0,0.0,0.0,0.0,0.0,0.0,0.0
193,Harshit Rana,0,2,0,0,0,0,0,0,0,0,0.6666666666666666,1,1,1,0,0,0,0,0,0,0,0.0,2.0,0.0,0.0,0.0,0.0,0.0,0.0,0.0,0.0
194,N Rana,8,57,22,51,42,4,48,27,4,5,26.8,10,40,17,38,31,3,21,20,7,10,0.8,1.425,1.2941176470588236,1.3421052631578947,1.3548387096774193,1.3333333333333333,2.2857142857142856,1.35,0.5714285714285714,0.5
195,RK Singh,67,54,16,21,46,19,18,53,6,18,31.8,33,43,18,10,35,20,10,33,8,18,2.0303030303030303,1.255813953488372,0.8888888888888888,2.1,1.3142857142857143,0.95,1.8,1.606060606060606,0.75,1.0
196,SP Narine,1,6,1,0,4,2,0,0,0,7,2.1,2,5,2,3,6,2,1,1,1,2,0.5,1.2,0.5,0.0,0.6666666666666666,1.0,0.0,0.0,0.0,3.5
197,Shivam Mavi,1,2,0,20,5,1,9,0,6,0,4.4,2,4,1,13,7,3,10,1,4,3,0.5,0.5,0.0,1.5384615384615385,0.7142857142857143,0.3333333333333333,0.9,0.0,1.5,0.0
198,TG Southee,0,0,0,1,1,3,9,14,1,36,6.5,4,1,1,1,5,5,9,17,1,26,0.0,0.0,0.0,1.0,0.2,0.6,1.0,0.8235294117647058,1.0,1.3846153846153846
199,KS Sharma,3,9,4,0,0,0,0,0,0,0,5.333333333333333,5,16,4,0,0,0,0,0,0,0,0.6,0.5625,1.0,0.0,0.0,0.0,0.0,0.0,0.0,0.0
200,JDS Neesham,14,17,0,0,10,2,7,12,22,8,9.2,12,15,1,1,8,3,7,20,15,11,1.1666666666666667,1.1333333333333333,0.0,0.0,1.25,0.6666666666666666,1.0,0.6,1.4666666666666666,0.7272727272727273
201,YBK Jaiswal,50,0,98,35,14,124,77,47,44,1,49.0,36,2,47,18,11,59,43,37,35,7,1.3888888888888888,0.0,2.0851063829787235,1.9444444444444444,1.2727272727272727,2.1016949152542375,1.7906976744186047,1.2702702702702702,1.2571428571428571,0.14285714285714285
202,Aman Hakim Khan,7,16,2,51,4,0,18,8,4,5,11.5,8,18,3,44,2,2,10,8,5,3,0.875,0.8888888888888888,0.6666666666666666,1.1590909090909092,2.0,0.0,1.8,1.0,0.8,1.6666666666666667
203,C Sakariya,0,4,7,1,2,6,0,0,0,0,2.857142857142857,2,4,6,5,2,11,1,0,0,0,0.0,1.0,1.1666666666666667,0.2,1.0,0.5454545454545454,0.0,0.0,0.0,0.0
204,KR Mayers,18,2,48,14,0,54,24,51,29,0,24.0,13,14,32,17,2,24,19,42,23,3,1.3846153846153846,0.14285714285714285,1.5,0.8235294117647058,0.0,2.25,1.263157894736842,1.2142857142857142,1.2608695652173914,0.0
205,Kuldeep Yadav,0,10,0,0,4,7,0,3,1,6,3.1,1,17,1,1,3,6,1,7,1,6,0.0,0.5882352941176471,0.0,0.0,1.3333333333333333,1.1666666666666667,0.0,0.42857142857142855,1.0,1.0
206,Mukesh Kumar,6,1,0,0,0,0,0,0,0,0,2.3333333333333335,7,1,1,0,0,0,0,0,0,0,0.8571428571428571,1.0,0.0,0.0,0.0,0.0,0.0,0.0,0.0,0.0
207,RR Rossouw,0,82,5,35,35,8,14,0,30,14,22.3,1,37,5,37,22,6,12,1,20,9,0.0,2.2162162162162162,1.0,0.9459459459459459,1.5909090909090908,1.3333333333333333,1.1666666666666667,0.0,1.5,1.5555555555555556
208,BA Stokes,8,7,0,41,107,50,19,18,15,30,29.5,8,6,3,35,60,26,11,11,19,32,1.0,1.1666666666666667,0.0,1.1714285714285715,1.7833333333333334,1.9230769230769231,1.7272727272727273,1.6363636363636365,0.7894736842105263,0.9375
209,DP Conway,47,40,87,30,10,44,92,8,56,77,49.1,25,34,52,28,13,42,52,16,40,57,1.88,1.1764705882352942,1.6730769230769231,1.0714285714285714,0.7692307692307693,1.0476190476190477,1.7692307692307692,0.5,1.4,1.3508771929824561
210,MA Wood,1,10,1,0,0,0,0,0,0,0,4.0,2,3,3,0,0,0,0,0,0,0,0.5,3.3333333333333335,0.3333333333333333,0.0,0.0,0.0,0.0,0.0,0.0,0.0
211,MJ Santner,1,1,1,1,9,11,22,10,0,0,7.0,1,3,2,1,15,9,20,3,0,0,1.0,0.3333333333333333,0.5,1.0,0.6,1.2222222222222223,1.1,3.3333333333333335,0.0,0.0
212,Atharva Taide,19,55,13,66,29,4,0,0,0,0,26.571428571428573,12,42,17,36,17,2,3,0,0,0,1.5833333333333333,1.3095238095238095,0.7647058823529411,1.8333333333333333,1.7058823529411764,2.0,0.0,0.0,0.0,0.0
213,Harpreet Brar,0,2,17,5,13,6,8,1,1,7,6.0,1,5,9,2,13,4,5,2,2,5,0.0,0.4,1.8888888888888888,2.5,1.0,1.5,1.6,0.5,0.5,1.4
214,Harpreet Singh,41,13,22,6,13,1,0,0,0,0,16.0,28,9,22,6,19,1,0,0,0,0,1.4642857142857142,1.4444444444444444,1.0,1.0,0.6842105263157895,1.0,0.0,0.0,0.0,0.0
215,M Shahrukh Khan,41,6,2,21,2,6,7,23,22,4,13.4,23,3,4,8,3,9,5,10,9,3,1.7826086956521738,2.0,0.5,2.625,0.6666666666666666,0.6666666666666666,1.4,2.3,2.4444444444444446,1.3333333333333333
216,MW Short,27,11,8,34,36,1,0,0,0,0,19.5,26,10,7,22,24,3,0,0,0,0,1.0384615384615385,1.1,1.1428571428571428,1.5454545454545454,1.5,0.3333333333333333,0.0,0.0,0.0,0.0
217,P Simran Singh,2,22,103,12,9,42,9,26,46,4,27.5,2,19,61,8,7,24,13,17,30,4,1.0,1.1578947368421053,1.6885245901639345,1.5,1.2857142857142858,1.75,0.6923076923076923,1.5294117647058822,1.5333333333333334,1.0
218,SM Curran,49,11,20,4,29,21,55,10,6,22,22.7,31,5,24,9,19,11,29,12,6,22,1.5806451612903225,2.2,0.8333333333333334,0.4444444444444444,1.5263157894736843,1.9090909090909092,1.896551724137931,0.8333333333333334,1.0,1.0
219,Sikandar Raza,11,13,36,57,5,1,16,0,0,0,19.857142857142858,7,7,22,41,6,2,13,0,0,0,1.5714285714285714,1.8571428571428572,1.6363636363636365,1.3902439024390243,0.8333333333333334,0.5,1.2307692307692308,0.0,0.0,0.0
220,Yudhvir Singh,1,0,0,0,0,0,0,0,0,0,0.5,1,1,0,0,0,0,0,0,0,0,1.0,0.0,0.0,0.0,0.0,0.0,0.0,0.0,0.0,0.0
221,Dhruv Jurel,10,1,9,2,34,34,0,18,4,8,12.0,4,7,8,3,15,15,1,10,6,3,2.5,0.14285714285714285,1.125,0.6666666666666666,2.2666666666666666,2.2666666666666666,0.0,1.8,0.6666666666666666,2.6666666666666665
222,JR Hazlewood,1,1,7,0,3,7,0,0,0,0,3.1666666666666665,2,2,4,2,11,7,0,0,0,0,0.5,0.5,1.75,0.0,0.2727272727272727,1.0,0.0,0.0,0.0,0.0
223,MK Lomror,1,1,1,54,3,34,8,7,0,26,13.5,3,2,3,28,4,18,6,9,5,18,0.3333333333333333,0.5,0.3333333333333333,1.9285714285714286,0.75,1.8888888888888888,1.3333333333333333,0.7777777777777778,0.0,1.4444444444444444
224,Mohammed Siraj,0,1,9,5,2,14,8,0,12,0,5.1,1,1,13,5,4,11,10,1,14,1,0.0,1.0,0.6923076923076923,1.0,0.5,1.2727272727272727,0.8,0.0,0.8571428571428571,0.0
225,Naveen-ul-Haq,1,2,13,0,0,0,0,0,0,0,5.333333333333333,5,3,13,0,0,0,0,0,0,0,0.2,0.6666666666666666,1.0,0.0,0.0,0.0,0.0,0.0,0.0,0.0
226,PWH de Silva,12,8,5,6,2,0,1,0,18,8,6.0,8,7,4,7,2,1,2,1,13,19,1.5,1.1428571428571428,1.25,0.8571428571428571,1.0,0.0,0.5,0.0,1.3846153846153846,0.42105263157894735
227,Swapnil Singh,2,10,2,0,0,0,0,0,0,0,3.5,4,17,2,1,0,0,0,0,0,0,0.5,0.5882352941176471,1.0,0.0,0.0,0.0,0.0,0.0,0.0,0.0
228,JJ Roy,45,12,10,38,20,56,61,43,10,60,35.5,28,15,8,24,19,29,26,38,13,42,1.6071428571428572,0.8,1.25,1.5833333333333333,1.0526315789473684,1.9310344827586208,2.3461538461538463,1.131578947368421,0.7692307692307693,1.4285714285714286
229,PN Mankad,3,26,0,64,4,0,0,0,0,0,19.4,6,20,1,45,1,0,0,0,0,0,0.5,1.3,0.0,1.4222222222222223,4.0,0.0,0.0,0.0,0.0,0.0
230,Rahmanullah Gurbaz,10,1,18,15,0,81,8,0,15,57,20.5,15,4,12,12,1,39,12,3,12,40,0.6666666666666666,0.25,1.5,1.25,0.0,2.076923076923077,0.6666666666666666,0.0,1.25,1.425
231,SN Thakur,3,1,8,0,13,12,0,68,8,4,11.7,7,2,6,4,11,7,1,29,3,5,0.42857142857142855,0.5,1.3333333333333333,0.0,1.1818181818181819,1.7142857142857142,0.0,2.3448275862068964,2.6666666666666665,0.8
232,VG Arora,1,2,2,0,2,1,0,0,0,0,1.3333333333333333,1,1,4,1,6,2,0,0,0,0,1.0,2.0,0.5,0.0,0.3333333333333333,0.5,0.0,0.0,0.0,0.0
233,VR Iyer,24,9,57,11,7,11,31,20,0,104,27.4,15,4,42,13,4,14,26,20,2,51,1.6,2.25,1.3571428571428572,0.8461538461538461,1.75,0.7857142857142857,1.1923076923076923,1.0,0.0,2.0392156862745097
234,C Green,30,41,100,4,3,2,6,23,44,33,28.6,20,23,47,6,3,2,4,18,26,26,1.5,1.7826086956521738,2.127659574468085,0.6666666666666666,1.0,1.0,1.5,1.2777777777777777,1.6923076923076923,1.2692307692307692
235,CJ Jordan,2,4,6,5,2,30,13,4,7,5,7.8,5,7,3,5,3,18,8,5,12,6,0.4,0.5714285714285714,2.0,1.0,0.6666666666666666,1.6666666666666667,1.625,0.8,0.5833333333333334,0.8333333333333334
236,HR Shokeen,0,18,5,18,25,0,0,0,0,0,13.2,1,13,3,23,25,0,0,0,0,0,0.0,1.3846153846153846,1.6666666666666667,0.782608695652174,1.0,0.0,0.0,0.0,0.0,0.0
237,N Wadhera,4,23,16,15,52,64,40,0,6,21,24.1,3,12,20,7,34,51,21,1,4,13,1.3333333333333333,1.9166666666666667,0.8,2.142857142857143,1.5294117647058822,1.2549019607843137,1.9047619047619047,0.0,1.5,1.6153846153846154
238,TH David,2,13,32,5,0,2,19,45,0,25,14.3,3,13,19,3,1,4,10,14,2,13,0.6666666666666666,1.0,1.6842105263157894,1.6666666666666667,0.0,0.5,1.9,3.2142857142857144,0.0,1.9230769230769231
239,BJ Hodge,29,31,40,1,19,54,8,39,0,4,22.5,16,18,30,8,16,27,7,27,1,5,1.8125,1.7222222222222223,1.3333333333333333,0.125,1.1875,2.0,1.1428571428571428,1.4444444444444444,0.0,0.8
240,DH Yagnik,4,31,0,10,10,7,5,34,12,16,12.9,6,17,4,14,6,8,4,24,8,11,0.6666666666666666,1.8235294117647058,0.0,0.7142857142857143,1.6666666666666667,0.875,1.25,1.4166666666666667,1.5,1.4545454545454546
241,S Sreesanth,0,1,0,0,1,0,12,15,1,4,3.4,2,2,2,1,6,2,5,14,10,8,0.0,0.5,0.0,0.0,0.16666666666666666,0.0,2.4,1.0714285714285714,0.1,0.5
242,SK Trivedi,0,3,5,0,4,9,7,0,6,1,3.5,1,6,6,2,2,4,5,1,10,5,0.0,0.5,0.8333333333333334,0.0,2.0,2.25,1.4,0.0,0.6,0.2
243,SW Tait,1,10,0,11,1,0,0,0,0,0,4.6,3,9,1,12,1,0,0,0,0,0,0.3333333333333333,1.1111111111111112,0.0,0.9166666666666666,1.0,0.0,0.0,0.0,0.0,0.0
244,A Chopra,11,2,1,13,24,2,0,0,0,0,8.833333333333334,19,3,4,17,23,5,0,0,0,0,0.5789473684210527,0.6666666666666666,0.25,0.7647058823529411,1.0434782608695652,0.4,0.0,0.0,0.0,0.0
245,J Arunkumar,0,1,22,0,0,0,0,0,0,0,7.666666666666667,3,3,17,0,0,0,0,0,0,0,0.0,0.3333333333333333,1.2941176470588236,0.0,0.0,0.0,0.0,0.0,0.0,0.0
246,LR Shukla,21,10,0,1,2,3,24,9,0,5,7.5,22,14,2,3,9,6,11,6,1,8,0.9545454545454546,0.7142857142857143,0.0,0.3333333333333333,0.2222222222222222,0.5,2.1818181818181817,1.5,0.0,0.625
247,MV Boucher,1,5,2,11,5,10,5,13,48,6,10.6,2,4,3,7,6,9,5,10,33,8,0.5,1.25,0.6666666666666666,1.5714285714285714,0.8333333333333334,1.1111111111111112,1.0,1.3,1.4545454545454546,0.75
248,S Chanderpaul,7,2,16,0,0,0,0,0,0,0,8.333333333333334,11,9,11,0,0,0,0,0,0,0,0.6363636363636364,0.2222222222222222,1.4545454545454546,0.0,0.0,0.0,0.0,0.0,0.0,0.0
249,SC Ganguly,5,2,14,36,16,45,23,1,41,24,20.7,8,4,18,35,24,40,20,4,34,26,0.625,0.5,0.7777777777777778,1.0285714285714285,0.6666666666666666,1.125,1.15,0.25,1.2058823529411764,0.9230769230769231
250,T Taibu,7,9,15,0,0,0,0,0,0,0,10.333333333333334,9,5,12,0,0,0,0,0,0,0,0.7777777777777778,1.8,1.25,0.0,0.0,0.0,0.0,0.0,0.0,0.0
251,Umar Gul,24,7,6,2,0,0,0,0,0,0,9.75,11,4,2,2,0,0,0,0,0,0,2.1818181818181817,1.75,3.0,1.0,0.0,0.0,0.0,0.0,0.0,0.0
252,HH Gibbs,13,2,66,18,12,17,50,27,25,31,26.1,24,6,58,26,10,15,45,16,14,26,0.5416666666666666,0.3333333333333333,1.1379310344827587,0.6923076923076923,1.2,1.1333333333333333,1.1111111111111112,1.6875,1.7857142857142858,1.1923076923076923
253,RP Singh,1,3,1,1,0,1,0,1,0,0,0.8,1,5,1,1,4,1,1,1,1,3,1.0,0.6,1.0,1.0,0.0,1.0,0.0,1.0,0.0,0.0
254,SB Bangar,2,17,2,3,3,8,14,0,0,0,7.0,9,7,4,6,8,14,10,0,0,0,0.2222222222222222,2.4285714285714284,0.5,0.5,0.375,0.5714285714285714,1.4,0.0,0.0,0.0
255,SB Styris,5,14,20,2,1,29,5,13,36,6,13.1,2,8,20,3,2,28,11,11,41,7,2.5,1.75,1.0,0.6666666666666666,0.5,1.0357142857142858,0.45454545454545453,1.1818181818181819,0.8780487804878049,0.8571428571428571
256,Salman Butt,24,24,73,13,48,4,7,0,0,0,27.571428571428573,19,19,54,13,44,4,7,0,0,0,1.263157894736842,1.263157894736842,1.3518518518518519,1.0,1.0909090909090908,1.0,1.0,0.0,0.0,0.0
257,WPUJC Vaas,3,8,3,16,0,10,20,9,0,12,8.1,8,13,2,10,1,6,15,8,3,6,0.375,0.6153846153846154,1.5,1.6,0.0,1.6666666666666667,1.3333333333333333,1.125,0.0,2.0
258,Y Venugopal Rao,27,4,13,11,16,10,13,21,36,7,15.8,26,1,15,9,12,7,22,19,24,7,1.0384615384615385,4.0,0.8666666666666667,1.2222222222222223,1.3333333333333333,1.4285714285714286,0.5909090909090909,1.105263157894737,1.5,1.0
259,Iqbal Abdulla,5,4,33,0,20,2,6,1,1,12,8.4,7,2,25,3,15,3,11,2,1,9,0.7142857142857143,2.0,1.32,0.0,1.3333333333333333,0.6666666666666666,0.5454545454545454,0.5,1.0,1.3333333333333333
260,MF Maharoof,0,2,28,1,18,3,6,20,13,0,9.1,1,3,18,1,13,8,6,13,8,1,0.0,0.6666666666666666,1.5555555555555556,1.0,1.3846153846153846,0.375,1.0,1.5384615384615385,1.625,0.0
261,MK Tiwary,35,4,7,1,7,58,60,9,8,0,18.9,30,1,8,5,8,48,45,5,9,2,1.1666666666666667,4.0,0.875,0.2,0.875,1.2083333333333333,1.3333333333333333,1.8,0.8888888888888888,0.0
262,PJ Sangwan,2,0,0,1,1,4,6,4,0,5,2.3,5,4,1,1,2,2,5,5,1,5,0.4,0.0,0.0,1.0,0.5,2.0,1.2,0.8,0.0,1.0
263,VY Mahesh,3,3,0,3,6,0,0,0,0,0,3.0,10,2,1,5,5,0,0,0,0,0,0.3,1.5,0.0,0.6,1.2,0.0,0.0,0.0,0.0,0.0
264,AB Agarkar,9,3,7,9,6,8,17,13,39,6,11.7,9,7,6,5,6,5,13,17,29,7,1.0,0.42857142857142855,1.1666666666666667,1.8,1.0,1.6,1.3076923076923077,0.7647058823529411,1.3448275862068966,0.8571428571428571
265,DJ Thornely,8,1,30,0,0,0,0,0,0,0,9.75,18,6,24,5,0,0,0,0,0,0,0.4444444444444444,0.16666666666666666,1.25,0.0,0.0,0.0,0.0,0.0,0.0,0.0
266,I Sharma,1,10,1,5,2,1,1,1,1,0,2.3,1,3,5,2,5,1,2,1,1,2,1.0,3.3333333333333335,0.2,2.5,0.4,1.0,0.5,1.0,1.0,0.0
267,Mohammad Hafeez,4,6,5,13,2,16,13,5,0,0,8.0,8,6,11,12,6,24,13,3,0,0,0.5,1.0,0.45454545454545453,1.0833333333333333,0.3333333333333333,0.6666666666666666,1.0,1.6666666666666667,0.0,0.0
268,ST Jayasuriya,1,2,7,23,0,30,16,4,29,5,11.7,2,5,8,14,1,17,17,7,27,7,0.5,0.4,0.875,1.6428571428571428,0.0,1.7647058823529411,0.9411764705882353,0.5714285714285714,1.0740740740740742,0.7142857142857143
269,Shoaib Akhtar,2,0,0,0,0,0,0,0,0,0,2.0,7,0,0,0,0,0,0,0,0,0,0.2857142857142857,0.0,0.0,0.0,0.0,0.0,0.0,0.0,0.0,0.0
270,DB Das,8,23,18,6,19,1,2,19,4,1,10.1,6,17,26,7,15,3,3,10,1,3,1.3333333333333333,1.3529411764705883,0.6923076923076923,0.8571428571428571,1.2666666666666666,0.3333333333333333,0.6666666666666666,1.9,4.0,0.3333333333333333
271,JR Hopes,7,8,55,17,25,54,17,13,2,13,21.1,7,6,43,10,30,43,14,4,5,6,1.0,1.3333333333333333,1.2790697674418605,1.7,0.8333333333333334,1.255813953488372,1.2142857142857142,3.25,0.4,2.1666666666666665
272,TM Srivastava,0,1,7,0,0,0,0,0,0,0,2.6666666666666665,1,1,9,0,0,0,0,0,0,0,0.0,1.0,0.7777777777777778,0.0,0.0,0.0,0.0,0.0,0.0,0.0
273,VVS Laxman,8,0,36,6,4,10,10,12,22,0,10.8,10,3,29,9,7,12,7,11,14,7,0.8,0.0,1.2413793103448276,0.6666666666666666,0.5714285714285714,0.8333333333333334,1.4285714285714286,1.0909090909090908,1.5714285714285714,0.0
274,A Choudhary,4,15,6,0,0,0,0,0,0,0,8.333333333333334,6,12,2,0,0,0,0,0,0,0,0.6666666666666666,1.25,3.0,0.0,0.0,0.0,0.0,0.0,0.0,0.0
275,BCJ Cutting,13,2,3,37,4,10,24,12,9,15,12.9,9,4,4,20,7,7,9,6,9,10,1.4444444444444444,0.5,0.75,1.85,0.5714285714285714,1.4285714285714286,2.6666666666666665,2.0,1.0,1.5
276,S Aravind,4,8,9,5,6,0,0,14,11,2,5.9,6,5,16,4,7,2,1,8,5,3,0.6666666666666666,1.6,0.5625,1.25,0.8571428571428571,0.0,0.0,1.75,2.2,0.6666666666666666
277,TM Head,2,75,12,2,0,30,30,11,6,37,20.5,2,47,15,5,1,16,22,7,9,20,1.0,1.5957446808510638,0.8,0.4,0.0,1.875,1.3636363636363635,1.5714285714285714,0.6666666666666666,1.85
278,TS Mills,0,0,2,0,6,0,0,0,0,0,1.6,1,2,5,3,3,0,0,0,0,0,0.0,0.0,0.4,0.0,2.0,0.0,0.0,0.0,0.0,0.0
279,YS Chahal,5,2,8,0,1,1,1,4,0,4,2.6,8,6,21,-1,3,1,3,12,4,4,0.625,0.3333333333333333,0.38095238095238093,-0.0,0.3333333333333333,1.0,0.3333333333333333,0.3333333333333333,0.0,1.0
280,S Badree,8,2,3,0,0,0,0,0,0,0,2.6,9,7,3,3,1,0,0,0,0,0,0.8888888888888888,0.2857142857142857,1.0,0.0,0.0,0.0,0.0,0.0,0.0,0.0
281,HM Amla,104,1,16,65,104,0,19,25,58,28,42.0,60,3,20,40,60,1,12,26,38,27,1.7333333333333334,0.3333333333333333,0.8,1.625,1.7333333333333334,0.0,1.5833333333333333,0.9615384615384616,1.5263157894736843,1.037037037037037
282,MJ Guptill,36,30,16,0,36,12,2,9,50,23,21.4,19,23,12,1,18,16,5,10,27,11,1.894736842105263,1.3043478260869565,1.3333333333333333,0.0,2.0,0.75,0.4,0.9,1.8518518518518519,2.090909090909091
283,MM Sharma,0,0,2,3,4,1,6,6,2,4,2.8,1,2,3,5,3,2,12,4,4,3,0.0,0.0,0.6666666666666666,0.6,1.3333333333333333,0.5,0.5,1.5,0.5,1.3333333333333333
284,VR Aaron,0,1,3,0,4,6,17,7,11,0,4.9,8,2,7,5,5,3,11,8,15,2,0.0,0.5,0.42857142857142855,0.0,0.8,2.0,1.5454545454545454,0.875,0.7333333333333333,0.0
285,A Dananjaya,4,0,0,0,0,0,0,0,0,0,4.0,5,0,0,0,0,0,0,0,0,0,0.8,0.0,0.0,0.0,0.0,0.0,0.0,0.0,0.0,0.0
286,M Markande,18,1,2,6,3,7,1,0,4,6,4.8,9,2,2,5,10,5,2,1,3,3,2.0,0.5,1.0,1.2,0.3,1.4,0.5,0.0,1.3333333333333333,2.0
287,A Flintoff,16,22,24,0,0,0,0,0,0,0,20.666666666666668,17,13,23,0,0,0,0,0,0,0,0.9411764705882353,1.6923076923076923,1.0434782608695652,0.0,0.0,0.0,0.0,0.0,0.0,0.0
288,Harbhajan Singh,2,2,1,2,19,8,2,1,0,7,4.4,2,2,3,9,22,5,4,3,1,2,1.0,1.0,0.3333333333333333,0.2222222222222222,0.8636363636363636,1.6,0.5,0.3333333333333333,0.0,3.5
289,JDP Oram,0,9,17,7,1,3,2,41,8,5,9.3,3,7,21,15,2,7,6,29,6,2,0.0,1.2857142857142858,0.8095238095238095,0.4666666666666667,0.5,0.42857142857142855,0.3333333333333333,1.4137931034482758,1.3333333333333333,2.5
290,Joginder Sharma,0,0,4,16,16,0,0,0,0,0,6.0,1,1,3,15,10,1,0,0,0,0,0.0,0.0,1.3333333333333333,1.0666666666666667,1.6,0.0,0.0,0.0,0.0,0.0
291,ML Hayden,17,8,5,1,0,19,35,34,12,19,15.0,31,9,8,5,2,18,31,21,14,14,0.5483870967741935,0.8888888888888888,0.625,0.2,0.0,1.0555555555555556,1.1290322580645162,1.619047619047619,0.8571428571428571,1.3571428571428572
292,T Thushara,8,2,1,1,0,0,0,0,0,0,3.0,8,3,5,2,0,0,0,0,0,0,1.0,0.6666666666666666,0.2,0.5,0.0,0.0,0.0,0.0,0.0,0.0
293,A Kumble,1,1,2,1,1,1,7,1,5,1,2.1,2,3,4,1,1,1,6,3,3,1,0.5,0.3333333333333333,0.5,1.0,1.0,1.0,1.1666666666666667,0.3333333333333333,1.6666666666666667,1.0
294,KP Pietersen,0,15,37,21,58,44,49,13,33,35,30.5,1,15,31,14,41,31,32,18,29,19,0.0,1.0,1.1935483870967742,1.5,1.4146341463414633,1.4193548387096775,1.53125,0.7222222222222222,1.1379310344827587,1.8421052631578947
295,R Bishnoi,18,1,0,0,0,0,0,0,0,0,6.333333333333333,14,2,1,0,0,0,0,0,0,0,1.2857142857142858,0.5,0.0,0.0,0.0,0.0,0.0,0.0,0.0,0.0
296,MS Gony,3,0,0,42,4,0,0,2,7,6,6.4,3,1,3,18,8,1,1,6,5,2,1.0,0.0,0.0,2.3333333333333335,0.5,0.0,0.0,0.3333333333333333,1.4,3.0
297,DT Patil,9,4,0,0,0,0,0,0,0,0,6.5,12,1,0,0,0,0,0,0,0,0,0.75,4.0,0.0,0.0,0.0,0.0,0.0,0.0,0.0,0.0
298,Misbah-ul-Haq,3,4,47,0,21,0,8,34,0,0,14.625,5,6,25,1,8,1,3,28,0,0,0.6,0.6666666666666666,1.88,0.0,2.625,0.0,2.6666666666666665,1.2142857142857142,0.0,0.0
299,RR Sarwan,20,31,15,7,0,0,0,0,0,0,18.25,22,29,15,9,0,0,0,0,0,0,0.9090909090909091,1.0689655172413792,1.0,0.7777777777777778,0.0,0.0,0.0,0.0,0.0,0.0
300,W Jaffer,8,7,44,0,5,10,50,6,0,0,16.25,9,8,37,4,5,9,33,16,0,0,0.8888888888888888,0.875,1.1891891891891893,0.0,1.0,1.1111111111111112,1.5151515151515151,0.375,0.0,0.0
301,LA Pomersbach,18,33,7,2,4,29,16,26,1,9,14.5,10,40,9,3,4,18,14,32,2,8,1.8,0.825,0.7777777777777778,0.6666666666666666,1.0,1.6111111111111112,1.1428571428571428,0.8125,0.5,1.125
302,Abdur Razzak,0,0,0,0,0,0,0,0,0,0,0.0,2,0,0,0,0,0,0,0,0,0,0.0,0.0,0.0,0.0,0.0,0.0,0.0,0.0,0.0,0.0
303,GC Smith,6,12,24,0,18,26,0,19,1,30,13.6,12,14,24,1,17,22,4,19,3,33,0.5,0.8571428571428571,1.0,0.0,1.0588235294117647,1.1818181818181819,0.0,1.0,0.3333333333333333,0.9090909090909091
304,SA Asnodkar,9,5,4,44,26,0,10,11,3,0,11.2,9,4,6,39,25,1,8,8,4,2,1.0,1.25,0.6666666666666666,1.1282051282051282,1.04,0.0,1.25,1.375,0.75,0.0
305,B Akhil,13,0,8,9,6,3,5,27,2,3,7.6,9,2,4,9,7,3,4,7,3,5,1.4444444444444444,0.0,2.0,1.0,0.8571428571428571,1.0,1.25,3.857142857142857,0.6666666666666666,0.6
306,L Balaji,1,0,0,9,3,1,3,0,15,2,3.4,1,2,3,7,1,1,8,2,10,6,1.0,0.0,0.0,1.2857142857142858,3.0,1.0,0.375,0.0,1.5,0.3333333333333333
307,M Ntini,0,11,0,0,0,0,0,0,0,0,5.5,6,12,0,0,0,0,0,0,0,0,0.0,0.9166666666666666,0.0,0.0,0.0,0.0,0.0,0.0,0.0,0.0
308,S Vidyut,16,6,0,16,8,40,5,54,0,0,18.125,14,7,3,11,4,22,10,37,0,0,1.1428571428571428,0.8571428571428571,0.0,1.4545454545454546,2.0,1.8181818181818181,0.5,1.4594594594594594,0.0,0.0
309,SP Fleming,14,7,45,32,26,1,44,14,0,13,19.6,9,4,40,20,29,4,28,16,2,13,1.5555555555555556,1.75,1.125,1.6,0.896551724137931,0.25,1.5714285714285714,0.875,0.0,1.0
310,FH Edwards,1,3,0,0,0,0,0,0,0,0,2.0,3,2,0,0,0,0,0,0,0,0,0.3333333333333333,1.5,0.0,0.0,0.0,0.0,0.0,0.0,0.0,0.0
311,JD Ryder,22,1,9,7,0,86,9,34,73,7,24.8,22,2,13,6,2,58,10,22,56,11,1.0,0.5,0.6923076923076923,1.1666666666666667,0.0,1.4827586206896552,0.9,1.5454545454545454,1.3035714285714286,0.6363636363636364
312,K Goel,1,17,20,14,1,20,12,19,0,38,14.2,3,17,21,20,4,29,12,19,7,21,0.3333333333333333,1.0,0.9523809523809523,0.7,0.25,0.6896551724137931,1.0,1.0,0.0,1.8095238095238095
313,Pankaj Singh,1,1,0,1,4,0,0,0,0,0,1.4,2,1,1,5,3,0,0,0,0,0,0.5,1.0,0.0,0.2,1.3333333333333333,0.0,0.0,0.0,0.0,0.0
314,KP Appanna,1,1,0,0,0,0,0,0,0,0,0.6666666666666666,1,2,1,0,0,0,0,0,0,0,1.0,0.5,0.0,0.0,0.0,0.0,0.0,0.0,0.0,0.0
315,RE van der Merwe,14,8,2,2,2,8,1,32,2,23,9.4,16,9,3,4,3,6,2,21,5,18,0.875,0.8888888888888888,0.6666666666666666,0.5,0.6666666666666666,1.3333333333333333,0.5,1.5238095238095237,0.4,1.2777777777777777
316,SM Katich,8,11,20,0,9,50,10,34,3,75,22.0,13,10,10,2,11,25,13,28,5,52,0.6153846153846154,1.1,2.0,0.0,0.8181818181818182,2.0,0.7692307692307693,1.2142857142857142,0.6,1.4423076923076923
317,A Symonds,8,8,4,3,4,17,44,31,31,16,16.6,19,6,4,3,6,26,33,26,26,15,0.42105263157894735,1.3333333333333333,1.0,1.0,0.6666666666666666,0.6538461538461539,1.3333333333333333,1.1923076923076923,1.1923076923076923,1.0666666666666667
318,AA Bilakhia,2,6,10,16,1,22,12,0,0,0,9.857142857142858,4,7,20,8,5,27,14,0,0,0,0.5,0.8571428571428571,0.5,2.0,0.2,0.8148148148148148,0.8571428571428571,0.0,0.0,0.0
319,RJ Harris,2,0,15,3,0,2,6,4,17,1,5.0,3,2,6,5,1,2,4,4,25,2,0.6666666666666666,0.0,2.5,0.6,0.0,1.0,1.5,1.0,0.68,0.5
320,AB McDonald,0,9,8,30,8,33,14,18,3,0,13.666666666666666,2,10,6,19,7,31,9,12,4,0,0.0,0.9,1.3333333333333333,1.5789473684210527,1.1428571428571428,1.064516129032258,1.5555555555555556,1.5,0.75,0.0
321,A Mithun,2,11,10,6,0,5,0,0,0,0,5.666666666666667,2,8,7,3,2,4,0,0,0,0,1.0,1.375,1.4285714285714286,2.0,0.0,1.25,0.0,0.0,0.0,0.0
322,DL Vettori,4,2,1,1,20,3,0,18,2,3,5.4,4,3,2,1,12,4,1,19,2,6,1.0,0.6666666666666666,0.5,1.0,1.6666666666666667,0.75,0.0,0.9473684210526315,1.0,0.5
323,PD Collingwood,51,2,4,2,75,16,53,0,0,0,29.0,42,5,3,3,46,8,45,0,0,0,1.2142857142857142,0.4,1.3333333333333333,0.6666666666666666,1.6304347826086956,2.0,1.1777777777777778,0.0,0.0,0.0
324,B Sumanth,16,7,6,6,0,0,0,0,0,0,8.75,18,12,3,4,0,0,0,0,0,0,0.8888888888888888,0.5833333333333334,2.0,1.5,0.0,0.0,0.0,0.0,0.0,0.0
325,MD Mishra,4,2,9,12,7,37,0,2,25,20,11.8,4,9,9,10,11,21,1,5,19,21,1.0,0.2222222222222222,1.0,1.2,0.6363636363636364,1.7619047619047619,0.0,0.4,1.3157894736842106,0.9523809523809523
326,R McLaren,1,2,9,28,2,51,0,40,0,1,13.4,3,3,14,32,6,43,2,42,1,3,0.3333333333333333,0.6666666666666666,0.6428571428571429,0.875,0.3333333333333333,1.186046511627907,0.0,0.9523809523809523,0.0,0.3333333333333333
327,KK Ahmed,0,0,1,0,0,0,0,0,0,0,0.2,1,1,2,2,1,0,0,0,0,0,0.0,0.0,0.5,0.0,0.0,0.0,0.0,0.0,0.0,0.0
328,Lalit Yadav,6,12,4,4,2,38,24,3,22,37,15.2,12,5,7,7,4,24,21,4,29,24,0.5,2.4,0.5714285714285714,0.5714285714285714,0.5,1.5833333333333333,1.1428571428571428,0.75,0.7586206896551724,1.5416666666666667
329,Mustafizur Rahman,1,3,0,8,0,1,0,0,0,0,2.1666666666666665,1,5,3,7,4,3,0,0,0,0,1.0,0.6,0.0,1.1428571428571428,0.0,0.3333333333333333,0.0,0.0,0.0,0.0
330,Rashid Khan,0,5,30,0,79,3,2,1,10,19,14.9,2,1,16,1,32,2,1,1,3,6,0.0,5.0,1.875,0.0,2.46875,1.5,2.0,1.0,3.3333333333333335,3.1666666666666665
331,TL Seifert,3,21,2,0,0,0,0,0,0,0,8.666666666666666,5,14,4,0,0,0,0,0,0,0,0.6,1.5,0.5,0.0,0.0,0.0,0.0,0.0,0.0,0.0
332,B Sai Sudharsan,96,43,47,20,19,53,62,22,14,65,44.1,47,31,32,19,20,38,48,17,11,50,2.0425531914893615,1.3870967741935485,1.46875,1.0526315789473684,0.95,1.394736842105263,1.2916666666666667,1.2941176470588236,1.2727272727272727,1.3
333,KR Sen,0,0,0,0,0,0,0,0,0,0,0.0,3,0,0,0,0,0,0,0,0,0,0.0,0.0,0.0,0.0,0.0,0.0,0.0,0.0,0.0,0.0
334,M Prasidh Krishna,2,4,0,2,0,0,1,0,0,0,1.2857142857142858,5,7,1,3,1,2,5,0,0,0,0.4,0.5714285714285714,0.0,0.6666666666666666,0.0,0.0,0.2,0.0,0.0,0.0
335,AS Joseph,7,4,1,0,15,0,0,0,0,0,5.4,12,5,1,1,13,0,0,0,0,0,0.5833333333333334,0.8,1.0,0.0,1.1538461538461537,0.0,0.0,0.0,0.0,0.0
336,LH Ferguson,5,0,18,24,19,1,0,0,0,0,11.166666666666666,3,1,11,13,16,1,0,0,0,0,1.6666666666666667,0.0,1.6363636363636365,1.8461538461538463,1.1875,1.0,0.0,0.0,0.0,0.0
337,SW Billings,36,34,4,15,17,24,14,25,0,0,16.9,24,29,4,9,12,23,15,22,4,1,1.5,1.1724137931034482,1.0,1.6666666666666667,1.4166666666666667,1.0434782608695652,0.9333333333333333,1.1363636363636365,0.0,0.0
338,Yash Dayal,0,0,0,0,0,0,0,0,0,0,0.0,1,0,0,0,0,0,0,0,0,0,0.0,0.0,0.0,0.0,0.0,0.0,0.0,0.0,0.0,0.0
339,M Jansen,3,3,1,2,17,13,1,8,0,0,4.8,6,2,4,3,22,6,2,5,1,2,0.5,1.5,0.25,0.6666666666666666,0.7727272727272727,2.1666666666666665,0.5,1.6,0.0,0.0
340,Shashank Singh,11,8,10,15,25,0,0,0,0,0,13.8,12,9,6,14,6,0,0,0,0,0,0.9166666666666666,0.8888888888888888,1.6666666666666667,1.0714285714285714,4.166666666666667,0.0,0.0,0.0,0.0,0.0
341,N Jagadeesan,19,27,1,0,36,6,1,39,33,0,16.2,15,29,3,1,21,8,4,33,28,1,1.2666666666666666,0.9310344827586207,0.3333333333333333,0.0,1.7142857142857142,0.75,0.25,1.1818181818181819,1.1785714285714286,0.0
342,Arjun Tendulkar,13,0,0,0,0,0,0,0,0,0,13.0,9,0,0,0,0,0,0,0,0,0,1.4444444444444444,0.0,0.0,0.0,0.0,0.0,0.0,0.0,0.0,0.0
343,JP Behrendorff,3,3,0,0,0,0,0,0,0,0,3.0,5,4,0,0,0,0,0,0,0,0,0.6,0.75,0.0,0.0,0.0,0.0,0.0,0.0,0.0,0.0
344,RP Meredith,0,0,0,0,0,0,0,0,0,0,0.0,2,1,0,0,0,0,0,0,0,0,0.0,0.0,0.0,0.0,0.0,0.0,0.0,0.0,0.0,0.0
345,A Nortje,0,3,2,23,5,0,4,1,3,1,4.2,1,6,2,14,3,1,2,6,2,3,0.0,0.5,1.0,1.6428571428571428,1.6666666666666667,0.0,2.0,0.16666666666666666,1.5,0.3333333333333333
346,PD Salt,3,26,21,17,87,0,59,0,5,0,24.22222222222222,6,14,17,11,45,1,35,1,3,0,0.5,1.8571428571428572,1.2352941176470589,1.5454545454545454,1.9333333333333333,0.0,1.6857142857142857,0.0,1.6666666666666667,0.0
347,PK Garg,10,12,4,42,21,0,15,7,29,17,15.7,14,9,7,26,31,1,11,10,21,12,0.7142857142857143,1.3333333333333333,0.5714285714285714,1.6153846153846154,0.6774193548387096,0.0,1.3636363636363635,0.7,1.380952380952381,1.4166666666666667
348,RV Patel,10,23,11,5,6,18,7,0,0,0,11.428571428571429,16,13,8,6,3,20,7,0,0,0,0.625,1.7692307692307692,1.375,0.8333333333333334,2.0,0.9,1.0,0.0,0.0,0.0
349,Noor Ahmad,7,0,1,0,0,0,0,0,0,0,2.6666666666666665,5,1,3,0,0,0,0,0,0,0,1.4,0.0,0.3333333333333333,0.0,0.0,0.0,0.0,0.0,0.0,0.0
350,Vishnu Vinod,5,2,30,3,7,9,0,0,0,0,9.333333333333334,7,4,20,9,12,5,0,0,0,0,0.7142857142857143,0.5,1.5,0.3333333333333333,0.5833333333333334,1.8,0.0,0.0,0.0,0.0
351,M Kaif,14,15,15,3,8,8,14,6,12,12,10.7,16,11,13,4,5,8,16,6,9,11,0.875,1.3636363636363635,1.1538461538461537,0.75,1.6,1.0,0.875,1.0,1.3333333333333333,1.0909090909090908
352,M Rawat,5,8,4,4,2,23,5,1,1,0,5.3,11,6,6,7,4,19,4,5,1,2,0.45454545454545453,1.3333333333333333,0.6666666666666666,0.5714285714285714,0.5,1.2105263157894737,1.25,0.2,1.0,0.0
353,Niraj Patel,14,4,2,40,57,4,0,0,0,0,20.166666666666668,22,16,11,29,39,2,0,0,0,0,0.6363636363636364,0.25,0.18181818181818182,1.3793103448275863,1.4615384615384615,2.0,0.0,0.0,0.0,0.0
354,SK Warne,2,0,5,3,3,1,0,1,4,1,2.0,9,2,3,6,3,4,1,2,7,1,0.2222222222222222,0.0,1.6666666666666667,0.5,1.0,0.25,0.0,0.5,0.5714285714285714,1.0
355,GD McGrath,4,0,0,0,0,0,0,0,0,0,2.0,3,2,0,0,0,0,0,0,0,0,1.3333333333333333,0.0,0.0,0.0,0.0,0.0,0.0,0.0,0.0,0.0
356,Mohammad Asif,3,0,0,0,0,0,0,0,0,0,1.5,5,1,0,0,0,0,0,0,0,0,0.6,0.0,0.0,0.0,0.0,0.0,0.0,0.0,0.0,0.0
357,Sohail Tanvir,9,5,13,6,3,0,0,0,0,0,7.2,6,5,8,6,3,0,0,0,0,0,1.5,1.0,1.625,1.0,1.0,0.0,0.0,0.0,0.0,0.0
358,M Manhas,1,8,3,10,13,2,11,11,1,42,10.2,1,3,4,6,5,4,13,9,3,34,1.0,2.6666666666666665,0.75,1.6666666666666667,2.6,0.5,0.8461538461538461,1.2222222222222223,0.3333333333333333,1.2352941176470589
359,RJ Quiney,1,6,51,28,4,7,6,0,0,0,14.714285714285714,2,10,40,31,9,8,2,0,0,0,0.5,0.6,1.275,0.9032258064516129,0.4444444444444444,0.875,3.0,0.0,0.0,0.0
360,R Bhatia,16,9,3,1,21,0,0,6,7,4,6.7,17,4,2,1,11,2,1,4,4,8,0.9411764705882353,2.25,1.5,1.0,1.9090909090909092,0.0,0.0,1.5,1.75,0.5
361,SB Jakati,1,1,6,7,13,0,0,0,0,0,5.6,2,2,10,7,8,0,0,0,0,0,0.5,0.5,0.6,1.0,1.625,0.0,0.0,0.0,0.0,0.0
362,PP Ojha,1,2,1,1,0,1,1,3,0,0,1.0,1,2,5,1,2,1,1,12,1,2,1.0,1.0,0.2,1.0,0.0,1.0,1.0,0.25,0.0,0.0
363,Shoaib Ahmed,0,1,0,0,0,0,0,0,0,0,0.3333333333333333,1,2,3,0,0,0,0,0,0,0,0.0,0.5,0.0,0.0,0.0,0.0,0.0,0.0,0.0,0.0
364,Mohammad Ashraful,2,0,0,0,0,0,0,0,0,0,2.0,10,0,0,0,0,0,0,0,0,0,0.2,0.0,0.0,0.0,0.0,0.0,0.0,0.0,0.0,0.0
365,PR Shah,5,12,11,29,1,0,5,10,19,0,10.222222222222221,5,11,20,19,1,1,5,6,23,0,1.0,1.0909090909090908,0.55,1.5263157894736843,1.0,0.0,1.0,1.6666666666666667,0.8260869565217391,0.0
366,AP Tare,0,0,18,8,0,7,7,0,6,14,6.0,1,5,17,14,1,10,7,1,1,8,0.0,0.0,1.0588235294117647,0.5714285714285714,0.0,0.7,1.0,0.0,6.0,1.75
367,DP Nannes,1,3,0,0,0,0,0,0,0,0,2.0,2,11,0,0,0,0,0,0,0,0,0.5,0.2727272727272727,0.0,0.0,0.0,0.0,0.0,0.0,0.0,0.0
368,S Ladda,0,0,0,0,0,0,0,0,0,0,0.0,1,8,0,0,0,0,0,0,0,0,0.0,0.0,0.0,0.0,0.0,0.0,0.0,0.0,0.0,0.0
369,JM Kemp,4,22,0,0,0,0,0,0,0,0,13.0,8,16,0,0,0,0,0,0,0,0,0.5,1.375,0.0,0.0,0.0,0.0,0.0,0.0,0.0,0.0
370,Y Nagar,44,10,9,27,0,24,23,16,10,1,16.4,47,7,9,20,1,19,15,15,7,2,0.9361702127659575,1.4285714285714286,1.0,1.35,0.0,1.263157894736842,1.5333333333333334,1.0666666666666667,1.4285714285714286,0.5
371,AB Barath,2,33,7,0,0,0,0,0,0,0,14.0,5,27,10,0,0,0,0,0,0,0,0.4,1.2222222222222223,0.7,0.0,0.0,0.0,0.0,0.0,0.0,0.0
372,C Madan,15,0,0,0,0,0,0,0,0,0,15.0,19,0,0,0,0,0,0,0,0,0,0.7894736842105263,0.0,0.0,0.0,0.0,0.0,0.0,0.0,0.0,0.0
373,AG Paunikar,15,9,5,20,0,0,0,0,0,0,9.8,15,15,8,19,1,0,0,0,0,0,1.0,0.6,0.625,1.0526315789473684,0.0,0.0,0.0,0.0,0.0,0.0
374,S Sohal,34,20,0,26,56,1,5,62,7,38,24.9,24,22,1,20,30,4,3,41,5,37,1.4166666666666667,0.9090909090909091,0.0,1.3,1.8666666666666667,0.25,1.6666666666666667,1.5121951219512195,1.4,1.027027027027027
375,DJ Jacobs,0,10,15,32,12,22,1,0,0,0,13.142857142857142,10,10,15,20,21,16,6,0,0,0,0.0,1.0,1.0,1.6,0.5714285714285714,1.375,0.16666666666666666,0.0,0.0,0.0
376,RV Gomez,4,2,7,1,0,0,10,26,0,0,5.555555555555555,1,3,14,1,1,1,10,14,1,0,4.0,0.6666666666666666,0.5,1.0,0.0,0.0,1.0,1.8571428571428572,0.0,0.0
377,S Anirudha,3,0,1,18,3,7,9,9,0,64,11.4,5,2,1,2,2,7,9,9,1,54,0.6,0.0,1.0,9.0,1.5,1.0,1.0,1.0,0.0,1.1851851851851851
378,CJ Ferguson,12,23,3,12,16,11,15,6,0,0,12.25,18,26,6,13,19,13,8,14,0,0,0.6666666666666666,0.8846153846153846,0.5,0.9230769230769231,0.8421052631578947,0.8461538461538461,1.875,0.42857142857142855,0.0,0.0
379,AC Blizzard,0,10,51,1,15,37,6,0,0,0,17.142857142857142,3,11,30,7,10,23,6,0,0,0,0.0,0.9090909090909091,1.7,0.14285714285714285,1.5,1.608695652173913,1.0,0.0,0.0,0.0
380,MJ Lumb,0,9,8,83,15,37,0,30,45,41,26.8,2,8,6,43,10,26,2,16,32,30,0.0,1.125,1.3333333333333333,1.930232558139535,1.5,1.4230769230769231,0.0,1.875,1.40625,1.3666666666666667
381,Ankit Sharma,25,3,7,0,4,30,1,1,1,15,8.7,15,3,5,1,3,27,2,1,2,8,1.6666666666666667,1.0,1.4,0.0,1.3333333333333333,1.1111111111111112,0.5,1.0,0.5,1.875
382,CA Pujara,19,10,8,35,40,13,51,5,17,19,21.7,17,18,8,32,38,10,48,14,17,20,1.1176470588235294,0.5555555555555556,1.0,1.09375,1.0526315789473684,1.3,1.0625,0.35714285714285715,1.0,0.95
383,DS Kulkarni,3,5,3,3,1,3,10,2,6,6,4.2,2,3,3,4,2,2,4,3,4,3,1.5,1.6666666666666667,1.0,0.75,0.5,1.5,2.5,0.6666666666666666,1.5,2.0
384,KW Richardson,1,1,8,26,0,0,0,0,0,0,9.0,1,2,16,20,0,0,0,0,0,0,1.0,0.5,0.5,1.3,0.0,0.0,0.0,0.0,0.0,0.0
385,PV Tambe,7,1,2,3,2,3,0,0,0,0,3.0,19,1,4,7,2,6,0,0,0,0,0.3684210526315789,1.0,0.5,0.42857142857142855,1.0,0.5,0.0,0.0,0.0,0.0
386,CM Gautam,4,8,1,9,30,33,4,22,7,7,12.5,5,8,3,8,23,29,5,18,4,7,0.8,1.0,0.3333333333333333,1.125,1.3043478260869565,1.1379310344827587,0.8,1.2222222222222223,1.75,1.0
387,Imran Tahir,13,2,0,5,3,2,4,4,0,0,4.125,10,2,2,7,4,2,4,6,0,0,1.3,1.0,0.0,0.7142857142857143,0.75,1.0,1.0,0.6666666666666666,0.0,0.0
388,NM Coulter-Nile,1,1,3,24,1,6,6,2,2,7,5.3,2,2,3,12,3,4,5,3,3,11,0.5,0.5,1.0,2.0,0.3333333333333333,1.5,1.2,0.6666666666666666,0.6666666666666666,0.6363636363636364
389,RN ten Doeschate,8,12,38,3,0,4,17,0,6,25,11.3,7,7,28,2,1,3,10,1,3,15,1.1428571428571428,1.7142857142857142,1.3571428571428572,1.5,0.0,1.3333333333333333,1.7,0.0,2.0,1.6666666666666667
390,DJ Muthuswami,1,0,0,0,0,0,0,0,0,0,1.0,3,0,0,0,0,0,0,0,0,0,0.3333333333333333,0.0,0.0,0.0,0.0,0.0,0.0,0.0,0.0,0.0
391,CR Brathwaite,5,6,21,8,43,3,11,1,1,10,10.9,3,7,11,4,29,4,10,5,2,7,1.6666666666666667,0.8571428571428571,1.9090909090909092,2.0,1.4827586206896552,0.75,1.1,0.2,0.5,1.4285714285714286
392,PJ Cummins,0,0,3,4,56,11,10,66,6,0,15.6,2,1,3,3,15,13,6,34,2,1,0.0,0.0,1.0,1.3333333333333333,3.7333333333333334,0.8461538461538461,1.6666666666666667,1.9411764705882353,3.0,0.0
393,CJ Anderson,2,15,0,3,3,6,10,18,41,18,11.6,8,13,1,9,5,6,8,12,24,25,0.25,1.1538461538461537,0.0,0.3333333333333333,0.6,1.0,1.25,1.5,1.7083333333333333,0.72
394,Mohammed Shami,5,0,1,3,9,0,2,1,0,7,2.8,4,1,2,3,12,1,2,1,1,6,1.25,0.0,0.5,1.0,0.75,0.0,1.0,1.0,0.0,1.1666666666666667
395,AJ Tye,6,0,0,0,14,1,4,3,3,7,3.8,6,2,2,3,10,1,2,9,4,7,1.0,0.0,0.0,0.0,1.4,1.0,2.0,0.3333333333333333,0.75,1.0
396,BB Sran,3,1,2,0,2,1,1,0,0,0,1.4285714285714286,3,1,5,1,2,1,1,0,0,0,1.0,1.0,0.4,0.0,1.0,1.0,1.0,0.0,0.0,0.0
397,LE Plunkett,1,0,0,0,0,0,0,0,0,0,0.5,2,1,0,0,0,0,0,0,0,0,0.5,0.0,0.0,0.0,0.0,0.0,0.0,0.0,0.0,0.0
398,C Munro,27,14,3,40,0,26,33,4,16,10,17.3,24,13,9,24,1,16,18,6,17,8,1.125,1.0769230769230769,0.3333333333333333,1.6666666666666667,0.0,1.625,1.8333333333333333,0.6666666666666666,0.9411764705882353,1.25
399,CA Ingram,12,1,11,3,19,14,22,5,38,10,13.5,23,5,7,5,9,6,21,8,29,7,0.5217391304347826,0.2,1.5714285714285714,0.6,2.111111111111111,2.3333333333333335,1.0476190476190477,0.625,1.3103448275862069,1.4285714285714286
400,J Suchith,0,2,14,6,1,4,9,0,34,0,7.777777777777778,1,7,6,15,1,4,5,1,21,0,0.0,0.2857142857142857,2.3333333333333335,0.4,1.0,1.0,1.8,0.0,1.619047619047619,0.0
401,SE Rutherford,5,5,28,10,9,11,2,28,11,2,11.1,10,10,40,12,12,6,4,13,5,2,0.5,0.5,0.7,0.8333333333333334,0.75,1.8333333333333333,0.5,2.1538461538461537,2.2,1.0
402,Basil Thampi,1,3,2,2,11,0,13,0,0,0,4.571428571428571,1,6,5,4,10,1,8,0,0,0,1.0,0.5,0.4,0.5,1.1,0.0,1.625,0.0,0.0,0.0
403,KMA Paul,3,5,7,0,3,0,0,0,0,0,3.6,7,4,4,4,5,0,0,0,0,0,0.42857142857142855,1.25,1.75,0.0,0.6,0.0,0.0,0.0,0.0,0.0
404,Mohammad Nabi,3,17,14,11,20,4,37,20,12,11,14.9,4,5,11,8,13,3,22,10,7,14,0.75,3.4,1.2727272727272727,1.375,1.5384615384615385,1.3333333333333333,1.6818181818181819,2.0,1.7142857142857142,0.7857142857142857
405,J Syed Mohammad,9,1,4,2,13,0,0,0,0,0,5.8,11,2,1,2,10,0,0,0,0,0,0.8181818181818182,0.5,4.0,1.0,1.3,0.0,0.0,0.0,0.0,0.0
406,AUK Pathan,4,2,7,0,14,0,12,0,0,0,5.571428571428571,4,3,4,1,5,2,4,0,0,0,1.0,0.6666666666666666,1.75,0.0,2.8,0.0,3.0,0.0,0.0,0.0
407,L Ablish,0,0,0,0,0,0,0,0,0,0,0.0,2,0,0,0,0,0,0,0,0,0,0.0,0.0,0.0,0.0,0.0,0.0,0.0,0.0,0.0,0.0
408,Sunny Singh,4,2,5,20,12,0,0,0,0,0,8.6,5,4,5,11,6,0,0,0,0,0,0.8,0.5,1.0,1.8181818181818181,2.0,0.0,0.0,0.0,0.0,0.0
409,CK Langeveldt,8,0,0,0,0,0,0,0,0,0,4.0,8,1,0,0,0,0,0,0,0,0,1.0,0.0,0.0,0.0,0.0,0.0,0.0,0.0,0.0,0.0
410,JJ van der Wath,4,14,0,0,0,0,0,0,0,0,6.0,5,10,1,0,0,0,0,0,0,0,0.8,1.4,0.0,0.0,0.0,0.0,0.0,0.0,0.0,0.0
411,R Rampaul,13,0,3,23,0,12,0,0,0,0,7.285714285714286,13,3,4,18,1,7,4,0,0,0,1.0,0.0,0.75,1.2777777777777777,0.0,1.7142857142857142,0.0,0.0,0.0,0.0
412,A Mukund,19,0,0,0,0,0,0,0,0,0,9.5,21,1,0,0,0,0,0,0,0,0,0.9047619047619048,0.0,0.0,0.0,0.0,0.0,0.0,0.0,0.0,0.0
413,Kamran Akmal,6,18,53,24,12,15,0,0,0,0,21.333333333333332,7,16,28,8,9,10,0,0,0,0,0.8571428571428571,1.125,1.8928571428571428,3.0,1.3333333333333333,1.5,0.0,0.0,0.0,0.0
414,T Kohli,1,3,7,0,0,0,0,0,0,0,3.6666666666666665,4,3,12,0,0,0,0,0,0,0,0.25,1.0,0.5833333333333334,0.0,0.0,0.0,0.0,0.0,0.0,0.0
415,L Ronchi,0,13,11,2,8,0,0,0,0,0,6.8,2,11,8,3,10,0,0,0,0,0,0.0,1.1818181818181819,1.375,0.6666666666666666,0.8,0.0,0.0,0.0,0.0,0.0
416,MA Khote,7,8,9,0,0,0,0,0,0,0,8.0,10,7,5,0,0,0,0,0,0,0,0.7,1.1428571428571428,1.8,0.0,0.0,0.0,0.0,0.0,0.0,0.0
417,SM Pollock,0,16,0,33,31,22,17,28,0,0,18.375,1,15,1,15,31,21,15,12,0,0,0.0,1.0666666666666667,0.0,2.2,1.0,1.0476190476190477,1.1333333333333333,2.3333333333333335,0.0,0.0
418,B Lee,16,5,8,25,9,2,1,1,1,1,6.9,6,6,4,11,5,3,2,1,3,1,2.6666666666666665,0.8333333333333334,2.0,2.272727272727273,1.8,0.6666666666666666,0.5,1.0,0.3333333333333333,1.0
419,VRV Singh,0,4,0,0,0,0,0,0,0,0,2.0,1,2,0,0,0,0,0,0,0,0,0.0,2.0,0.0,0.0,0.0,0.0,0.0,0.0,0.0,0.0
420,CRD Fernando,2,2,0,0,0,0,0,0,0,0,2.0,2,1,0,0,0,0,0,0,0,0,1.0,2.0,0.0,0.0,0.0,0.0,0.0,0.0,0.0,0.0
421,VS Yeligati,2,0,0,0,0,0,0,0,0,0,2.0,2,0,0,0,0,0,0,0,0,0,1.0,0.0,0.0,0.0,0.0,0.0,0.0,0.0,0.0,0.0
422,AP Majumdar,17,9,31,30,0,0,0,0,0,0,21.75,22,8,26,20,0,0,0,0,0,0,0.7727272727272727,1.125,1.1923076923076923,1.5,0.0,0.0,0.0,0.0,0.0,0.0
423,RT Ponting,4,14,0,6,28,19,0,0,20,0,10.11111111111111,9,17,6,10,32,31,1,1,20,0,0.4444444444444444,0.8235294117647058,0.0,0.6,0.875,0.6129032258064516,0.0,0.0,1.0,0.0
424,BJ Rohrer,7,4,32,64,10,13,49,14,0,0,24.125,9,5,27,40,3,13,29,15,0,0,0.7777777777777778,0.8,1.1851851851851851,1.6,3.3333333333333335,1.0,1.6896551724137931,0.9333333333333333,0.0,0.0
425,S Kaul,7,1,0,1,2,0,0,2,7,0,2.2222222222222223,5,3,1,1,9,4,2,2,9,0,1.4,0.3333333333333333,0.0,1.0,0.2222222222222222,0.0,0.0,1.0,0.7777777777777778,0.0
426,RG More,2,0,0,0,0,0,0,0,0,0,2.0,2,0,0,0,0,0,0,0,0,0,1.0,0.0,0.0,0.0,0.0,0.0,0.0,0.0,0.0,0.0
427,D Wiese,8,12,1,5,12,4,17,9,11,22,10.1,6,3,2,4,7,5,14,7,8,20,1.3333333333333333,4.0,0.5,1.25,1.7142857142857142,0.8,1.2142857142857142,1.2857142857142858,1.375,1.1
428,MA Starc,1,1,9,2,12,6,29,5,5,8,7.8,1,7,6,2,8,6,23,4,8,17,1.0,0.14285714285714285,1.5,1.0,1.5,1.0,1.2608695652173914,1.25,0.625,0.47058823529411764
429,NJ Maddinson,4,12,4,0,0,0,0,0,0,0,6.666666666666667,7,8,6,0,0,0,0,0,0,0,0.5714285714285714,1.5,0.6666666666666666,0.0,0.0,0.0,0.0,0.0,0.0,0.0
430,TU Deshpande,0,20,1,0,0,0,0,0,0,0,7.0,1,9,3,0,0,0,0,0,0,0,0.0,2.2222222222222223,0.3333333333333333,0.0,0.0,0.0,0.0,0.0,0.0,0.0
431,KS Bharat,0,8,9,32,44,78,12,16,0,0,24.875,2,5,16,24,35,52,10,19,0,0,0.0,1.6,0.5625,1.3333333333333333,1.2571428571428571,1.5,1.2,0.8421052631578947,0.0,0.0
432,Abishek Porel,5,1,7,20,0,0,0,0,0,0,8.25,8,3,9,11,0,0,0,0,0,0,0.625,0.3333333333333333,0.7777777777777778,1.8181818181818181,0.0,0.0,0.0,0.0,0.0,0.0
433,YV Dhull,13,1,2,0,0,0,0,0,0,0,5.333333333333333,15,4,4,0,0,0,0,0,0,0,0.8666666666666667,0.25,0.5,0.0,0.0,0.0,0.0,0.0,0.0,0.0
434,H Klaasen,18,104,64,47,26,36,53,31,17,36,43.2,13,51,44,29,12,20,27,19,16,16,1.3846153846153846,2.0392156862745097,1.4545454545454546,1.6206896551724137,2.1666666666666665,1.8,1.962962962962963,1.631578947368421,1.0625,2.25
435,HC Brook,0,27,0,0,7,18,9,100,13,3,17.7,1,18,4,2,14,13,7,51,14,4,0.0,1.5,0.0,0.0,0.5,1.3846153846153846,1.2857142857142858,1.9607843137254901,0.9285714285714286,0.75
436,A Singh,0,1,0,1,0,0,0,0,0,0,0.4,3,2,2,2,1,0,0,0,0,0,0.0,0.5,0.0,0.5,0.0,0.0,0.0,0.0,0.0,0.0
437,AS Raut,5,19,25,11,2,32,20,0,2,11,12.7,4,14,21,15,4,20,17,3,4,13,1.25,1.3571428571428572,1.1904761904761905,0.7333333333333333,0.5,1.6,1.1764705882352942,0.0,0.5,0.8461538461538461
438,MM Patel,0,1,1,0,4,0,5,23,5,0,3.9,1,5,2,1,3,2,6,10,7,1,0.0,0.2,0.5,0.0,1.3333333333333333,0.0,0.8333333333333334,2.3,0.7142857142857143,0.0
439,SS Shaikh,6,0,0,0,0,0,0,0,0,0,6.0,7,0,0,0,0,0,0,0,0,0,0.8571428571428571,0.0,0.0,0.0,0.0,0.0,0.0,0.0,0.0,0.0
440,T Henderson,0,11,0,0,0,0,0,0,0,0,5.5,1,15,0,0,0,0,0,0,0,0,0.0,0.7333333333333333,0.0,0.0,0.0,0.0,0.0,0.0,0.0,0.0
441,Yashpal Singh,6,13,8,20,0,0,0,0,0,0,11.75,20,20,8,18,0,0,0,0,0,0,0.3,0.65,1.0,1.1111111111111112,0.0,0.0,0.0,0.0,0.0,0.0
442,FY Fazal,16,3,13,10,36,4,0,17,8,45,15.2,15,4,13,11,29,5,2,18,7,38,1.0666666666666667,0.75,1.0,0.9090909090909091,1.2413793103448276,0.8,0.0,0.9444444444444444,1.1428571428571428,1.1842105263157894
443,AA Chavan,7,4,1,0,0,0,0,0,0,0,4.0,6,2,3,0,0,0,0,0,0,0,1.1666666666666667,2.0,0.3333333333333333,0.0,0.0,0.0,0.0,0.0,0.0,0.0
444,GB Hogg,5,2,13,2,0,0,0,0,0,0,5.5,5,1,11,5,0,0,0,0,0,0,1.0,2.0,1.1818181818181819,0.4,0.0,0.0,0.0,0.0,0.0,0.0
445,KK Cooper,2,5,32,4,26,7,0,2,8,14,10.0,2,8,16,2,12,4,2,2,6,6,1.0,0.625,2.0,2.0,2.1666666666666665,1.75,0.0,1.0,1.3333333333333333,2.3333333333333335
446,AS Yadav,0,3,8,16,12,10,0,0,0,0,8.166666666666666,1,4,8,9,7,10,0,0,0,0,0.0,0.75,1.0,1.7777777777777777,1.7142857142857142,1.0,0.0,0.0,0.0,0.0
447,Shahid Afridi,1,1,0,33,1,20,13,10,2,0,9.0,2,2,1,14,3,6,7,4,7,0,0.5,0.5,0.0,2.357142857142857,0.3333333333333333,3.3333333333333335,1.8571428571428572,2.5,0.2857142857142857,0.0
448,D Salunkhe,6,1,26,0,0,0,0,0,0,0,11.0,3,1,20,0,0,0,0,0,0,0,2.0,1.0,1.3,0.0,0.0,0.0,0.0,0.0,0.0,0.0
449,WA Mota,5,12,4,3,5,1,25,1,0,0,7.0,10,19,7,4,6,2,26,1,0,0,0.5,0.631578947368421,0.5714285714285714,0.75,0.8333333333333334,0.5,0.9615384615384616,1.0,0.0,0.0
450,LA Carseldine,8,9,9,16,39,0,0,0,0,0,16.2,11,8,8,9,32,0,0,0,0,0,0.7272727272727273,1.125,1.125,1.7777777777777777,1.21875,0.0,0.0,0.0,0.0,0.0
451,Mashrafe Mortaza,2,0,0,0,0,0,0,0,0,0,2.0,2,0,0,0,0,0,0,0,0,0,1.0,0.0,0.0,0.0,0.0,0.0,0.0,0.0,0.0,0.0
452,Anirudh Singh,40,9,0,14,0,0,0,0,0,0,15.75,39,12,1,14,0,0,0,0,0,0,1.0256410256410255,0.75,0.0,1.0,0.0,0.0,0.0,0.0,0.0,0.0
453,Jaskaran Singh,0,1,3,4,0,0,0,0,0,0,2.0,2,2,3,4,0,0,0,0,0,0,0.0,0.5,1.0,1.0,0.0,0.0,0.0,0.0,0.0,0.0
454,S Tyagi,3,0,0,0,0,0,0,0,0,0,3.0,4,0,0,0,0,0,0,0,0,0,0.75,0.0,0.0,0.0,0.0,0.0,0.0,0.0,0.0,0.0
455,Bipul Sharma,2,8,21,5,27,14,5,1,7,12,10.2,3,7,14,3,11,6,5,2,5,11,0.6666666666666666,1.1428571428571428,1.5,1.6666666666666667,2.4545454545454546,2.3333333333333335,1.0,0.5,1.4,1.0909090909090908
456,KAJ Roach,10,0,0,0,0,0,0,0,0,0,10.0,9,0,0,0,0,0,0,0,0,0,1.1111111111111112,0.0,0.0,0.0,0.0,0.0,0.0,0.0,0.0,0.0
457,R Sathish,8,6,10,27,25,4,12,0,22,11,12.5,9,7,8,18,18,3,6,1,13,12,0.8888888888888888,0.8571428571428571,1.25,1.5,1.3888888888888888,1.3333333333333333,2.0,0.0,1.6923076923076923,0.9166666666666666
458,AP Dole,30,4,0,0,0,0,0,0,0,0,17.0,18,4,0,0,0,0,0,0,0,0,1.6666666666666667,1.0,0.0,0.0,0.0,0.0,0.0,0.0,0.0,0.0
459,DE Bollinger,3,0,0,16,2,0,0,0,0,0,4.2,5,1,1,14,3,0,0,0,0,0,0.6,0.0,0.0,1.1428571428571428,0.6666666666666666,0.0,0.0,0.0,0.0,0.0
460,Harmeet Singh,3,14,1,0,0,0,0,0,0,0,4.5,4,6,1,1,0,0,0,0,0,0,0.75,2.3333333333333335,1.0,0.0,0.0,0.0,0.0,0.0,0.0,0.0
461,AC Thomas,7,12,1,0,0,0,0,0,0,0,5.0,6,9,2,2,0,0,0,0,0,0,1.1666666666666667,1.3333333333333333,0.5,0.0,0.0,0.0,0.0,0.0,0.0,0.0
462,SB Wagh,0,2,0,0,0,0,0,0,0,0,1.0,1,2,0,0,0,0,0,0,0,0,0.0,1.0,0.0,0.0,0.0,0.0,0.0,0.0,0.0,0.0
463,TD Paine,8,2,0,0,0,0,0,0,0,0,5.0,17,9,0,0,0,0,0,0,0,0,0.47058823529411764,0.2222222222222222,0.0,0.0,0.0,0.0,0.0,0.0,0.0,0.0
464,WD Parnell,2,2,5,3,2,1,2,11,1,16,4.5,5,2,7,5,2,2,4,14,1,16,0.4,1.0,0.7142857142857143,0.6,1.0,0.5,0.5,0.7857142857142857,1.0,1.0
465,S Randiv,2,2,0,0,0,0,0,0,0,0,2.0,4,4,0,0,0,0,0,0,0,0,0.5,0.5,0.0,0.0,0.0,0.0,0.0,0.0,0.0,0.0
466,AG Murtaza,5,3,2,0,0,0,0,0,0,0,3.3333333333333335,4,5,5,0,0,0,0,0,0,0,1.25,0.6,0.4,0.0,0.0,0.0,0.0,0.0,0.0,0.0
467,SL Malinga,7,0,6,2,0,0,1,1,0,7,2.4,2,1,10,4,2,2,1,1,1,11,3.5,0.0,0.6,0.5,0.0,0.0,1.0,1.0,0.0,0.6363636363636364
468,SJ Srivastava,3,1,1,0,0,0,0,0,0,0,1.25,2,1,1,1,0,0,0,0,0,0,1.5,1.0,1.0,0.0,0.0,0.0,0.0,0.0,0.0,0.0
469,A Tomar,4,0,0,0,0,0,0,0,0,0,4.0,8,0,0,0,0,0,0,0,0,0,0.5,0.0,0.0,0.0,0.0,0.0,0.0,0.0,0.0,0.0
470,A Uniyal,4,0,0,0,0,0,0,0,0,0,2.0,6,1,0,0,0,0,0,0,0,0,0.6666666666666666,0.0,0.0,0.0,0.0,0.0,0.0,0.0,0.0,0.0
471,P Dogra,5,3,6,6,8,20,5,1,0,3,5.7,8,5,8,11,12,25,3,1,1,9,0.625,0.6,0.75,0.5454545454545454,0.6666666666666666,0.8,1.6666666666666667,1.0,0.0,0.3333333333333333
472,A Zampa,2,7,1,5,0,0,0,0,0,0,3.0,6,9,1,7,1,0,0,0,0,0,0.3333333333333333,0.7777777777777778,1.0,0.7142857142857143,0.0,0.0,0.0,0.0,0.0,0.0
473,UT Khawaja,30,19,21,11,16,30,0,0,0,0,21.166666666666668,29,13,17,8,6,27,0,0,0,0,1.0344827586206897,1.4615384615384615,1.2352941176470589,1.375,2.6666666666666665,1.1111111111111112,0.0,0.0,0.0,0.0
474,DL Chahar,1,1,2,5,0,0,7,10,39,1,6.6,2,1,2,5,5,2,7,6,20,2,0.5,1.0,1.0,1.0,0.0,0.0,1.0,1.6666666666666667,1.95,0.5
475,JE Root,10,0,0,0,0,0,0,0,0,0,10.0,15,0,0,0,0,0,0,0,0,0,0.6666666666666666,0.0,0.0,0.0,0.0,0.0,0.0,0.0,0.0,0.0
476,KM Asif,0,0,0,0,0,0,0,0,0,0,0.0,2,0,0,0,0,0,0,0,0,0,0.0,0.0,0.0,0.0,0.0,0.0,0.0,0.0,0.0,0.0
477,MG Bracewell,26,4,9,19,0,0,0,0,0,0,14.5,16,4,9,18,0,0,0,0,0,0,1.625,1.0,1.0,1.0555555555555556,0.0,0.0,0.0,0.0,0.0,0.0
478,SM Harwood,6,3,0,0,0,0,0,0,0,0,4.5,7,7,0,0,0,0,0,0,0,0,0.8571428571428571,0.42857142857142855,0.0,0.0,0.0,0.0,0.0,0.0,0.0,0.0
479,ND Doshi,0,0,0,0,0,0,0,0,0,0,0.0,13,0,0,0,0,0,0,0,0,0,0.0,0.0,0.0,0.0,0.0,0.0,0.0,0.0,0.0,0.0
480,DR Martyn,19,0,0,0,0,0,0,0,0,0,19.0,24,0,0,0,0,0,0,0,0,0,0.7916666666666666,0.0,0.0,0.0,0.0,0.0,0.0,0.0,0.0,0.0
481,S Narwal,23,12,2,0,0,0,0,0,0,0,9.25,15,9,2,1,0,0,0,0,0,0,1.5333333333333334,1.3333333333333333,1.0,0.0,0.0,0.0,0.0,0.0,0.0,0.0
482,AC Voges,8,28,28,15,20,45,37,0,0,0,25.857142857142858,7,27,27,17,19,24,22,0,0,0,1.1428571428571428,1.037037037037037,1.037037037037037,0.8823529411764706,1.0526315789473684,1.875,1.6818181818181819,0.0,0.0,0.0
483,AA Noffke,9,0,0,0,0,0,0,0,0,0,9.0,10,0,0,0,0,0,0,0,0,0,0.9,0.0,0.0,0.0,0.0,0.0,0.0,0.0,0.0,0.0
484,SB Joshi,3,3,0,0,0,0,0,0,0,0,3.0,8,6,0,0,0,0,0,0,0,0,0.375,0.5,0.0,0.0,0.0,0.0,0.0,0.0,0.0,0.0
485,MN van Wyk,0,74,18,32,43,0,0,0,0,0,33.4,2,48,12,35,35,0,0,0,0,0,0.0,1.5416666666666667,1.5,0.9142857142857143,1.2285714285714286,0.0,0.0,0.0,0.0,0.0
486,BAW Mendis,2,1,0,0,0,0,0,0,0,0,1.0,4,1,1,0,0,0,0,0,0,0,0.5,1.0,0.0,0.0,0.0,0.0,0.0,0.0,0.0,0.0
487,S Sriram,4,27,0,0,0,0,0,0,0,0,15.5,7,24,0,0,0,0,0,0,0,0,0.5714285714285714,1.125,0.0,0.0,0.0,0.0,0.0,0.0,0.0,0.0
488,RS Sodhi,4,0,0,0,0,0,0,0,0,0,4.0,2,0,0,0,0,0,0,0,0,0,2.0,0.0,0.0,0.0,0.0,0.0,0.0,0.0,0.0,0.0
489,AN Ghosh,7,0,0,0,0,0,0,0,0,0,3.5,7,1,0,0,0,0,0,0,0,0,1.0,0.0,0.0,0.0,0.0,0.0,0.0,0.0,0.0,0.0
490,IC Pandey,0,0,0,0,0,0,0,0,0,0,0.0,2,0,0,0,0,0,0,0,0,0,0.0,0.0,0.0,0.0,0.0,0.0,0.0,0.0,0.0,0.0
491,LJ Wright,44,2,19,7,34,0,0,0,0,0,21.2,23,6,18,3,10,0,0,0,0,0,1.9130434782608696,0.3333333333333333,1.0555555555555556,2.3333333333333335,3.4,0.0,0.0,0.0,0.0,0.0
492,S Rana,5,19,12,1,15,18,3,18,0,0,11.375,6,12,7,2,14,16,8,16,0,0,0.8333333333333334,1.5833333333333333,1.7142857142857142,0.5,1.0714285714285714,1.125,0.375,1.125,0.0,0.0
493,YV Takawale,19,45,0,0,40,18,24,5,27,14,19.2,17,36,7,3,28,22,8,5,32,20,1.1176470588235294,1.25,0.0,0.0,1.4285714285714286,0.8181818181818182,3.0,1.0,0.84375,0.7
494,BR Dunk,15,5,20,0,0,0,0,0,0,0,13.333333333333334,14,4,17,0,0,0,0,0,0,0,1.0714285714285714,1.25,1.1764705882352942,0.0,0.0,0.0,0.0,0.0,0.0,0.0
495,DAJ Bracewell,12,0,0,0,0,0,0,0,0,0,12.0,9,0,0,0,0,0,0,0,0,0,1.3333333333333333,0.0,0.0,0.0,0.0,0.0,0.0,0.0,0.0,0.0
496,RR Raje,1,11,1,1,6,0,0,0,0,0,4.0,2,7,2,2,5,0,0,0,0,0,0.5,1.5714285714285714,0.5,0.5,1.2,0.0,0.0,0.0,0.0,0.0
497,Shoaib Malik,1,2,24,6,19,0,0,0,0,0,10.4,1,3,22,4,16,0,0,0,0,0,1.0,0.6666666666666666,1.0909090909090908,1.5,1.1875,0.0,0.0,0.0,0.0,0.0
498,CK Kapugedera,8,0,8,0,0,0,0,0,0,0,5.333333333333333,12,2,9,0,0,0,0,0,0,0,0.6666666666666666,0.0,0.8888888888888888,0.0,0.0,0.0,0.0,0.0,0.0,0.0
499,RR Powar,8,0,3,2,3,7,6,10,28,0,7.444444444444445,6,1,6,1,7,5,7,10,21,0,1.3333333333333333,0.0,0.5,2.0,0.42857142857142855,1.4,0.8571428571428571,1.0,1.3333333333333333,0.0
500,YA Abdulla,0,0,0,0,0,0,0,0,0,0,0.0,1,0,0,0,0,0,0,0,0,0,0.0,0.0,0.0,0.0,0.0,0.0,0.0,0.0,0.0,0.0
501,R Ninan,3,0,0,0,0,0,0,0,0,0,3.0,6,0,0,0,0,0,0,0,0,0,0.5,0.0,0.0,0.0,0.0,0.0,0.0,0.0,0.0,0.0
502,AN Ahmed,1,4,5,4,18,4,0,0,0,0,6.0,1,2,2,1,13,7,0,0,0,0,1.0,2.0,2.5,4.0,1.3846153846153846,0.5714285714285714,0.0,0.0,0.0,0.0
503,Shakib Al Hasan,0,0,9,26,9,3,9,23,28,12,11.9,1,2,6,25,9,5,10,15,24,10,0.0,0.0,1.5,1.04,1.0,0.6,0.9,1.5333333333333334,1.1666666666666667,1.2
504,RR Bhatkal,0,0,0,0,0,0,0,0,0,0,0.0,2,0,0,0,0,0,0,0,0,0,0.0,0.0,0.0,0.0,0.0,0.0,0.0,0.0,0.0,0.0
505,K Upadhyay,1,11,0,0,0,0,0,0,0,0,6.0,1,8,0,0,0,0,0,0,0,0,1.0,1.375,0.0,0.0,0.0,0.0,0.0,0.0,0.0,0.0
506,MJ Clarke,13,13,16,1,14,41,0,0,0,0,16.333333333333332,17,10,18,2,15,31,0,0,0,0,0.7647058823529411,1.3,0.8888888888888888,0.5,0.9333333333333333,1.3225806451612903,0.0,0.0,0.0,0.0
507,Shivam Sharma,1,4,0,0,0,0,0,0,0,0,2.5,1,2,0,0,0,0,0,0,0,0,1.0,2.0,0.0,0.0,0.0,0.0,0.0,0.0,0.0,0.0
508,VH Zol,13,16,0,0,0,0,0,0,0,0,14.5,12,14,0,0,0,0,0,0,0,0,1.0833333333333333,1.1428571428571428,0.0,0.0,0.0,0.0,0.0,0.0,0.0,0.0
509,R Shukla,14,2,2,1,0,0,0,0,0,0,4.75,12,6,3,2,0,0,0,0,0,0,1.1666666666666667,0.3333333333333333,0.6666666666666666,0.5,0.0,0.0,0.0,0.0,0.0,0.0
510,SA Abbott,7,14,1,0,0,0,0,0,0,0,7.333333333333333,5,9,4,0,0,0,0,0,0,0,1.4,1.5555555555555556,0.25,0.0,0.0,0.0,0.0,0.0,0.0,0.0
511,Karanveer Singh,4,2,5,1,0,0,0,0,0,0,3.0,7,5,4,1,0,0,0,0,0,0,0.5714285714285714,0.4,1.25,1.0,0.0,0.0,0.0,0.0,0.0,0.0
512,MJ McClenaghan,0,0,1,10,11,0,0,0,12,2,3.6,2,2,4,8,7,2,1,-1,11,1,0.0,0.0,0.25,1.25,1.5714285714285714,0.0,0.0,-0.0,1.0909090909090908,2.0
513,M Ashwin,0,6,0,6,9,6,4,1,1,1,3.4,2,2,2,8,10,14,4,1,2,2,0.0,3.0,0.0,0.75,0.9,0.42857142857142855,1.0,1.0,0.5,0.5
514,F Behardien,5,0,9,0,0,0,0,0,0,0,4.666666666666667,5,1,7,0,0,0,0,0,0,0,1.0,0.0,1.2857142857142858,0.0,0.0,0.0,0.0,0.0,0.0,0.0
515,AD Nath,3,24,13,2,19,9,0,3,5,12,9.0,7,20,15,3,12,13,1,6,10,11,0.42857142857142855,1.2,0.8666666666666667,0.6666666666666666,1.5833333333333333,0.6923076923076923,0.0,0.5,0.5,1.0909090909090908
516,S Kaushik,0,0,0,0,0,0,0,0,0,0,0.0,1,0,0,0,0,0,0,0,0,0,0.0,0.0,0.0,0.0,0.0,0.0,0.0,0.0,0.0,0.0
517,KC Cariappa,9,1,1,12,1,0,0,0,0,0,4.8,3,5,2,8,3,0,0,0,0,0,3.0,0.2,0.5,1.5,0.3333333333333333,0.0,0.0,0.0,0.0,0.0
518,KJ Abbott,1,0,12,0,0,0,0,0,0,0,4.333333333333333,1,1,6,0,0,0,0,0,0,0,1.0,0.0,2.0,0.0,0.0,0.0,0.0,0.0,0.0,0.0
519,J Yadav,11,23,5,1,0,0,0,0,0,0,10.0,4,22,7,3,0,0,0,0,0,0,2.75,1.0454545454545454,0.7142857142857143,0.3333333333333333,0.0,0.0,0.0,0.0,0.0,0.0
520,ER Dwivedi,5,19,0,0,0,0,0,0,0,0,12.0,5,9,0,0,0,0,0,0,0,0,1.0,2.111111111111111,0.0,0.0,0.0,0.0,0.0,0.0,0.0,0.0
521,AF Milne,0,15,1,0,5,2,0,0,0,0,3.8333333333333335,1,15,1,1,8,3,0,0,0,0,0.0,1.0,1.0,0.0,0.625,0.6666666666666666,0.0,0.0,0.0,0.0
522,C de Grandhomme,3,37,2,4,2,40,3,33,8,23,15.5,4,32,7,6,3,17,2,29,8,10,0.75,1.15625,0.2857142857142857,0.6666666666666666,0.6666666666666666,2.3529411764705883,1.5,1.1379310344827587,1.0,2.3
523,CR Woakes,15,11,0,1,5,8,1,6,18,3,6.8,11,11,1,2,5,6,3,3,21,5,1.3636363636363635,1.0,0.0,0.5,1.0,1.3333333333333333,0.3333333333333333,2.0,0.8571428571428571,0.6
524,Mujeeb Ur Rahman,1,1,0,0,10,0,0,0,0,0,2.0,1,3,3,1,5,2,0,0,0,0,1.0,0.3333333333333333,0.0,0.0,2.0,0.0,0.0,0.0,0.0,0.0
525,DJM Short,4,2,44,44,11,6,4,0,0,0,16.428571428571427,1,2,25,43,17,3,4,0,0,0,4.0,1.0,1.76,1.0232558139534884,0.6470588235294118,2.0,1.0,0.0,0.0,0.0
526,DR Shorey,5,8,0,0,0,0,0,0,0,0,6.5,8,9,0,0,0,0,0,0,0,0,0.625,0.8888888888888888,0.0,0.0,0.0,0.0,0.0,0.0,0.0,0.0
527,AD Hales,37,2,14,5,45,45,0,0,0,0,24.666666666666668,24,9,10,5,30,39,0,0,0,0,1.5416666666666667,0.2222222222222222,1.4,1.0,1.5,1.1538461538461537,0.0,0.0,0.0,0.0
528,JC Archer,3,1,1,6,13,2,16,16,24,6,8.8,2,2,4,9,3,3,7,10,11,4,1.5,0.5,0.25,0.6666666666666666,4.333333333333333,0.6666666666666666,2.2857142857142856,1.6,2.1818181818181817,1.5
529,NA Saini,2,2,9,12,6,0,2,0,0,0,4.714285714285714,2,4,8,12,7,1,3,0,0,0,1.0,0.5,1.125,1.0,0.8571428571428571,0.0,0.6666666666666666,0.0,0.0,0.0
530,P Ray Barman,19,0,0,0,0,0,0,0,0,0,19.0,24,0,0,0,0,0,0,0,0,0,0.7916666666666666,0.0,0.0,0.0,0.0,0.0,0.0,0.0,0.0,0.0
531,GC Viljoen,0,2,1,0,0,0,0,0,0,0,1.0,1,3,3,0,0,0,0,0,0,0,0.0,0.6666666666666666,0.3333333333333333,0.0,0.0,0.0,0.0,0.0,0.0,0.0
532,JR Philippe,1,0,12,32,33,0,0,0,0,0,15.6,2,3,17,27,24,0,0,0,0,0,0.5,0.0,0.7058823529411765,1.1851851851851851,1.375,0.0,0.0,0.0,0.0,0.0
533,I Udana,10,1,4,0,0,0,0,0,0,0,3.75,5,3,2,1,0,0,0,0,0,0,2.0,0.3333333333333333,2.0,0.0,0.0,0.0,0.0,0.0,0.0,0.0
534,T Natarajan,3,0,0,0,0,0,0,0,0,0,1.5,4,1,0,0,0,0,0,0,0,0,0.75,0.0,0.0,0.0,0.0,0.0,0.0,0.0,0.0,0.0
535,CV Varun,0,1,1,1,10,0,2,7,2,1,2.5,3,6,1,1,16,1,3,10,4,1,0.0,0.16666666666666666,1.0,1.0,0.625,0.0,0.6666666666666666,0.7,0.5,1.0
536,KL Nagarkoti,0,4,1,6,3,8,0,0,0,0,3.142857142857143,2,7,1,13,3,5,2,0,0,0,0.0,0.5714285714285714,1.0,0.46153846153846156,1.0,1.6,0.0,0.0,0.0,0.0
537,T Banton,8,10,0,0,0,0,0,0,0,0,9.0,12,8,0,0,0,0,0,0,0,0,0.6666666666666666,1.25,0.0,0.0,0.0,0.0,0.0,0.0,0.0,0.0
538,KA Jamieson,2,4,16,16,11,12,4,0,0,0,9.285714285714286,2,12,11,13,4,9,4,0,0,0,1.0,0.3333333333333333,1.4545454545454546,1.2307692307692308,2.75,1.3333333333333333,1.0,0.0,0.0,0.0
539,RM Patidar,58,112,26,48,21,52,16,31,31,1,39.6,42,54,21,38,15,32,16,29,22,2,1.380952380952381,2.074074074074074,1.2380952380952381,1.263157894736842,1.4,1.625,1.0,1.0689655172413792,1.4090909090909092,0.5
540,GHS Garton,2,0,0,0,0,0,0,0,0,0,1.0,3,1,0,0,0,0,0,0,0,0,0.6666666666666666,0.0,0.0,0.0,0.0,0.0,0.0,0.0,0.0,0.0
541,Kartik Tyagi,0,7,1,1,2,2,0,0,0,0,2.1666666666666665,1,5,3,1,3,3,0,0,0,0,0.0,1.4,0.3333333333333333,1.0,0.6666666666666666,0.6666666666666666,0.0,0.0,0.0,0.0
542,D Kalyankrishna,3,0,0,0,0,0,0,0,0,0,3.0,8,0,0,0,0,0,0,0,0,0,0.375,0.0,0.0,0.0,0.0,0.0,0.0,0.0,0.0,0.0
543,DNT Zoysa,10,1,0,0,0,0,0,0,0,0,5.5,7,2,0,0,0,0,0,0,0,0,1.4285714285714286,0.5,0.0,0.0,0.0,0.0,0.0,0.0,0.0,0.0
544,LPC Silva,23,17,0,0,0,0,0,0,0,0,13.333333333333334,10,14,2,0,0,0,0,0,0,0,2.3,1.2142857142857142,0.0,0.0,0.0,0.0,0.0,0.0,0.0,0.0
545,DP Vijaykumar,1,0,0,0,0,0,0,0,0,0,1.0,1,0,0,0,0,0,0,0,0,0,1.0,0.0,0.0,0.0,0.0,0.0,0.0,0.0,0.0,0.0
546,PM Sarvesh Kumar,1,0,0,0,0,0,0,0,0,0,1.0,2,0,0,0,0,0,0,0,0,0,0.5,0.0,0.0,0.0,0.0,0.0,0.0,0.0,0.0,0.0
547,H Das,2,0,0,0,0,0,0,0,0,0,2.0,5,0,0,0,0,0,0,0,0,0,0.4,0.0,0.0,0.0,0.0,0.0,0.0,0.0,0.0,0.0
548,NJ Rimmington,1,0,0,0,0,0,0,0,0,0,1.0,1,0,0,0,0,0,0,0,0,0,1.0,0.0,0.0,0.0,0.0,0.0,0.0,0.0,0.0,0.0
549,TR Birt,16,4,27,20,8,0,0,0,0,0,15.0,11,8,15,13,11,0,0,0,0,0,1.4545454545454546,0.5,1.8,1.5384615384615385,0.7272727272727273,0.0,0.0,0.0,0.0,0.0
550,BA Bhatt,6,0,0,0,0,0,0,0,0,0,3.0,2,5,0,0,0,0,0,0,0,0,3.0,0.0,0.0,0.0,0.0,0.0,0.0,0.0,0.0,0.0
551,P Awana,0,0,0,1,4,0,0,0,0,0,1.0,1,2,1,5,5,0,0,0,0,0,0.0,0.0,0.0,0.2,0.8,0.0,0.0,0.0,0.0,0.0
552,SMSM Senanayake,2,0,7,1,0,0,0,0,0,0,2.5,1,1,13,2,0,0,0,0,0,0,2.0,0.0,0.5384615384615384,0.5,0.0,0.0,0.0,0.0,0.0,0.0
553,JE Taylor,1,2,0,0,0,0,0,0,0,0,1.5,2,1,0,0,0,0,0,0,0,0,0.5,2.0,0.0,0.0,0.0,0.0,0.0,0.0,0.0,0.0
554,NL McCullum,11,15,0,0,0,0,0,0,0,0,13.0,6,16,0,0,0,0,0,0,0,0,1.8333333333333333,0.9375,0.0,0.0,0.0,0.0,0.0,0.0,0.0,0.0
555,Kamran Khan,3,0,0,0,0,0,0,0,0,0,3.0,5,0,0,0,0,0,0,0,0,0,0.6,0.0,0.0,0.0,0.0,0.0,0.0,0.0,0.0,0.0
556,RS Gavaskar,2,0,0,0,0,0,0,0,0,0,2.0,8,0,0,0,0,0,0,0,0,0,0.25,0.0,0.0,0.0,0.0,0.0,0.0,0.0,0.0,0.0
557,SE Bond,1,0,0,0,0,0,0,0,0,0,1.0,2,0,0,0,0,0,0,0,0,0,0.5,0.0,0.0,0.0,0.0,0.0,0.0,0.0,0.0,0.0
558,MDKJ Perera,0,14,0,0,0,0,0,0,0,0,7.0,1,12,0,0,0,0,0,0,0,0,0.0,1.1666666666666667,0.0,0.0,0.0,0.0,0.0,0.0,0.0,0.0
559,UA Birla,7,0,0,0,0,0,0,0,0,0,7.0,13,0,0,0,0,0,0,0,0,0,0.5384615384615384,0.0,0.0,0.0,0.0,0.0,0.0,0.0,0.0,0.0
560,Sunny Gupta,0,0,0,0,0,0,0,0,0,0,0.0,1,0,0,0,0,0,0,0,0,0,0.0,0.0,0.0,0.0,0.0,0.0,0.0,0.0,0.0,0.0
561,TK Curran,0,21,4,15,54,10,18,1,2,2,12.7,1,16,1,16,36,9,17,3,3,5,0.0,1.3125,4.0,0.9375,1.5,1.1111111111111112,1.0588235294117647,0.3333333333333333,0.6666666666666666,0.4
562,JPR Scantlebury-Searles,2,6,0,0,0,0,0,0,0,0,4.0,5,1,0,0,0,0,0,0,0,0,0.4,6.0,0.0,0.0,0.0,0.0,0.0,0.0,0.0,0.0
563,IS Sodhi,6,1,0,0,0,0,0,0,0,0,3.5,9,6,0,0,0,0,0,0,0,0,0.6666666666666666,0.16666666666666666,0.0,0.0,0.0,0.0,0.0,0.0,0.0,0.0
564,NS Naik,1,7,1,22,0,0,0,0,0,0,7.75,3,16,3,27,0,0,0,0,0,0,0.3333333333333333,0.4375,0.3333333333333333,0.8148148148148148,0.0,0.0,0.0,0.0,0.0,0.0
565,HF Gurney,1,0,0,0,0,0,0,0,0,0,1.0,5,0,0,0,0,0,0,0,0,0,0.2,0.0,0.0,0.0,0.0,0.0,0.0,0.0,0.0,0.0
566,JL Denly,0,0,0,0,0,0,0,0,0,0,0.0,1,0,0,0,0,0,0,0,0,0,0.0,0.0,0.0,0.0,0.0,0.0,0.0,0.0,0.0,0.0
567,Y Prithvi Raj,0,0,0,0,0,0,0,0,0,0,0.0,1,0,0,0,0,0,0,0,0,0,0.0,0.0,0.0,0.0,0.0,0.0,0.0,0.0,0.0,0.0
568,S Gopal,9,0,7,6,23,1,5,2,12,18,8.3,7,1,4,4,23,2,7,3,18,9,1.2857142857142858,0.0,1.75,1.5,1.0,0.5,0.7142857142857143,0.6666666666666666,0.6666666666666666,2.0
569,AS Rajpoot,2,7,2,1,8,4,2,0,0,0,3.7142857142857144,5,5,4,5,9,7,6,0,0,0,0.4,1.4,0.5,0.2,0.8888888888888888,0.5714285714285714,0.3333333333333333,0.0,0.0,0.0
570,DJ Willey,11,4,20,0,0,18,0,0,0,0,8.833333333333334,10,2,20,2,2,24,0,0,0,0,1.1,2.0,1.0,0.0,0.0,0.75,0.0,0.0,0.0,0.0
571,SP Jackson,5,8,7,0,3,10,16,12,0,0,7.625,7,8,7,1,3,9,17,5,0,0,0.7142857142857143,1.0,1.0,0.0,1.0,1.1111111111111112,0.9411764705882353,2.4,0.0,0.0
572,OF Smith,13,1,0,3,9,25,0,0,0,0,8.5,15,1,1,7,11,8,0,0,0,0,0.8666666666666667,1.0,0.0,0.42857142857142855,0.8181818181818182,3.125,0.0,0.0,0.0,0.0
573,RA Bawa,11,0,0,0,0,0,0,0,0,0,5.5,13,1,0,0,0,0,0,0,0,0,0.8461538461538461,0.0,0.0,0.0,0.0,0.0,0.0,0.0,0.0,0.0
574,Rasikh Salam,7,5,0,0,0,0,0,0,0,0,6.0,6,4,0,0,0,0,0,0,0,0,1.1666666666666667,1.25,0.0,0.0,0.0,0.0,0.0,0.0,0.0,0.0
575,K Kartikeya,6,3,0,0,0,0,0,0,0,0,4.5,7,5,0,0,0,0,0,0,0,0,0.8571428571428571,0.6,0.0,0.0,0.0,0.0,0.0,0.0,0.0,0.0
576,Ramandeep Singh,13,14,12,6,0,0,0,0,0,0,11.25,6,6,16,12,0,0,0,0,0,0,2.1666666666666665,2.3333333333333335,0.75,0.5,0.0,0.0,0.0,0.0,0.0,0.0
577,Akash Deep,17,0,0,0,0,0,0,0,0,0,8.5,8,2,0,0,0,0,0,0,0,0,2.125,0.0,0.0,0.0,0.0,0.0,0.0,0.0,0.0,0.0
578,Liton Das,4,0,0,0,0,0,0,0,0,0,4.0,4,0,0,0,0,0,0,0,0,0,1.0,0.0,0.0,0.0,0.0,0.0,0.0,0.0,0.0,0.0
579,Vijaykumar Vyshak,13,0,0,0,0,0,0,0,0,0,6.5,7,1,0,0,0,0,0,0,0,0,1.8571428571428572,0.0,0.0,0.0,0.0,0.0,0.0,0.0,0.0,0.0
580,Anmolpreet Singh,5,36,33,31,5,8,16,0,0,0,19.142857142857142,4,27,25,26,4,9,14,0,0,0,1.25,1.3333333333333333,1.32,1.1923076923076923,1.25,0.8888888888888888,1.1428571428571428,0.0,0.0,0.0
581,I Malhotra,7,0,0,0,0,0,0,0,0,0,7.0,4,0,0,0,0,0,0,0,0,0,1.75,0.0,0.0,0.0,0.0,0.0,0.0,0.0,0.0,0.0
582,Ankit Soni,0,0,7,0,0,0,0,0,0,0,2.3333333333333335,6,1,2,0,0,0,0,0,0,0,0.0,0.0,3.5,0.0,0.0,0.0,0.0,0.0,0.0,0.0
583,AJ Hosein,16,0,0,0,0,0,0,0,0,0,16.0,10,0,0,0,0,0,0,0,0,0,1.6,0.0,0.0,0.0,0.0,0.0,0.0,0.0,0.0,0.0
584,AJ Turner,3,0,0,0,0,0,0,0,0,0,0.75,7,1,1,1,0,0,0,0,0,0,0.42857142857142855,0.0,0.0,0.0,0.0,0.0,0.0,0.0,0.0,0.0
585,NT Ellis,1,0,0,12,6,0,0,0,0,0,3.8,2,5,2,12,4,0,0,0,0,0,0.5,0.0,0.0,1.0,1.5,0.0,0.0,0.0,0.0,0.0
586,FA Allen,8,0,6,0,0,0,0,0,0,0,4.666666666666667,7,1,11,0,0,0,0,0,0,0,1.1428571428571428,0.0,0.5454545454545454,0.0,0.0,0.0,0.0,0.0,0.0,0.0
587,Fazalhaq Farooqi,1,2,0,0,0,0,0,0,0,0,1.5,5,8,0,0,0,0,0,0,0,0,0.2,0.25,0.0,0.0,0.0,0.0,0.0,0.0,0.0,0.0
588,R Sanjay Yadav,0,0,0,0,0,0,0,0,0,0,0.0,2,0,0,0,0,0,0,0,0,0,0.0,0.0,0.0,0.0,0.0,0.0,0.0,0.0,0.0,0.0
589,T Stubbs,20,5,2,0,0,0,0,0,0,0,6.75,21,10,2,2,0,0,0,0,0,0,0.9523809523809523,0.5,1.0,0.0,0.0,0.0,0.0,0.0,0.0,0.0
590,AU Rashid,4,18,0,0,0,0,0,0,0,0,11.0,3,13,0,0,0,0,0,0,0,0,1.3333333333333333,1.3846153846153846,0.0,0.0,0.0,0.0,0.0,0.0,0.0,0.0
591,Mohit Rathee,1,0,0,0,0,0,0,0,0,0,1.0,2,0,0,0,0,0,0,0,0,0,0.5,0.0,0.0,0.0,0.0,0.0,0.0,0.0,0.0,0.0
592,GD Phillips,1,5,0,25,8,8,4,14,0,0,8.125,4,4,1,7,6,12,13,8,0,0,0.25,1.25,0.0,3.5714285714285716,1.3333333333333333,0.6666666666666666,0.3076923076923077,1.75,0.0,0.0
593,MD Shanaka,17,0,9,0,0,0,0,0,0,0,8.666666666666666,16,3,7,0,0,0,0,0,0,0,1.0625,0.0,1.2857142857142858,0.0,0.0,0.0,0.0,0.0,0.0,0.0
594,Sanvir Singh,4,7,0,0,0,0,0,0,0,0,5.5,3,6,0,0,0,0,0,0,0,0,1.3333333333333333,1.1666666666666667,0.0,0.0,0.0,0.0,0.0,0.0,0.0,0.0
595,Vivrant Sharma,69,0,0,0,0,0,0,0,0,0,69.0,47,0,0,0,0,0,0,0,0,0,1.4680851063829787,0.0,0.0,0.0,0.0,0.0,0.0,0.0,0.0,0.0
596,GR Napier,15,0,0,0,0,0,0,0,0,0,15.0,16,0,0,0,0,0,0,0,0,0,0.9375,0.0,0.0,0.0,0.0,0.0,0.0,0.0,0.0,0.0
597,C Nanda,0,0,0,0,0,0,0,0,0,0,0.0,1,0,0,0,0,0,0,0,0,0,0.0,0.0,0.0,0.0,0.0,0.0,0.0,0.0,0.0,0.0
598,VS Malik,1,6,0,0,0,0,0,0,0,0,3.5,2,5,0,0,0,0,0,0,0,0,0.5,1.2,0.0,0.0,0.0,0.0,0.0,0.0,0.0,0.0
599,PSP Handscomb,6,0,0,0,0,0,0,0,0,0,6.0,12,0,0,0,0,0,0,0,0,0,0.5,0.0,0.0,0.0,0.0,0.0,0.0,0.0,0.0,0.0
600,DM Bravo,6,0,0,0,0,0,0,0,0,0,6.0,5,0,0,0,0,0,0,0,0,0,1.2,0.0,0.0,0.0,0.0,0.0,0.0,0.0,0.0,0.0
601,B Laughlin,0,1,4,0,0,0,0,0,0,0,1.25,1,3,8,1,0,0,0,0,0,0,0.0,0.3333333333333333,0.5,0.0,0.0,0.0,0.0,0.0,0.0,0.0
602,P Chopra,8,0,0,0,0,0,0,0,0,0,8.0,6,0,0,0,0,0,0,0,0,0,1.3333333333333333,0.0,0.0,0.0,0.0,0.0,0.0,0.0,0.0,0.0
603,AT Carey,14,14,4,0,0,0,0,0,0,0,10.666666666666666,13,9,7,0,0,0,0,0,0,0,1.0769230769230769,1.5555555555555556,0.5714285714285714,0.0,0.0,0.0,0.0,0.0,0.0,0.0
604,Arshad Khan (2),1,2,15,0,0,0,0,0,0,0,6.0,2,4,9,0,0,0,0,0,0,0,0.5,0.5,1.6666666666666667,0.0,0.0,0.0,0.0,0.0,0.0,0.0
605,DG Nalkande,0,0,0,0,0,0,0,0,0,0,0.0,1,0,0,0,0,0,0,0,0,0,0.0,0.0,0.0,0.0,0.0,0.0,0.0,0.0,0.0,0.0
606,M de Lange,1,0,0,0,0,0,0,0,0,0,1.0,2,0,0,0,0,0,0,0,0,0,0.5,0.0,0.0,0.0,0.0,0.0,0.0,0.0,0.0,0.0
607,AR Bawne,12,0,0,0,0,0,0,0,0,0,12.0,12,0,0,0,0,0,0,0,0,0,1.0,0.0,0.0,0.0,0.0,0.0,0.0,0.0,0.0,0.0
608,BE Hendricks,1,0,0,0,0,0,0,0,0,0,0.5,2,1,0,0,0,0,0,0,0,0,0.5,0.0,0.0,0.0,0.0,0.0,0.0,0.0,0.0,0.0
609,P Sahu,1,18,0,0,0,0,0,0,0,0,9.5,1,12,0,0,0,0,0,0,0,0,1.0,1.5,0.0,0.0,0.0,0.0,0.0,0.0,0.0,0.0
610,RK Bhui,7,0,0,0,0,0,0,0,0,0,3.5,12,5,0,0,0,0,0,0,0,0,0.5833333333333334,0.0,0.0,0.0,0.0,0.0,0.0,0.0,0.0,0.0
611,T Shamsi,2,0,0,0,0,0,0,0,0,0,2.0,4,0,0,0,0,0,0,0,0,0,0.5,0.0,0.0,0.0,0.0,0.0,0.0,0.0,0.0,0.0
612,P Dubey,16,7,0,0,0,0,0,0,0,0,11.5,20,13,0,0,0,0,0,0,0,0,0.8,0.5384615384615384,0.0,0.0,0.0,0.0,0.0,0.0,0.0,0.0
613,SD Lad,15,0,0,0,0,0,0,0,0,0,15.0,13,0,0,0,0,0,0,0,0,0,1.1538461538461537,0.0,0.0,0.0,0.0,0.0,0.0,0.0,0.0,0.0
614,CJ McKay,8,0,0,0,0,0,0,0,0,0,8.0,15,0,0,0,0,0,0,0,0,0,0.5333333333333333,0.0,0.0,0.0,0.0,0.0,0.0,0.0,0.0,0.0
615,JL Pattinson,4,11,0,0,0,0,0,0,0,0,7.5,5,8,0,0,0,0,0,0,0,0,0.8,1.375,0.0,0.0,0.0,0.0,0.0,0.0,0.0,0.0
616,JA Richardson,15,0,0,0,0,0,0,0,0,0,7.5,22,2,0,0,0,0,0,0,0,0,0.6818181818181818,0.0,0.0,0.0,0.0,0.0,0.0,0.0,0.0,0.0
617,Mukesh Choudhary,4,2,0,0,0,0,0,0,0,0,3.0,4,2,0,0,0,0,0,0,0,0,1.0,1.0,0.0,0.0,0.0,0.0,0.0,0.0,0.0,0.0
618,M Theekshana,0,7,0,0,0,0,0,0,0,0,3.5,3,4,0,0,0,0,0,0,0,0,0.0,1.75,0.0,0.0,0.0,0.0,0.0,0.0,0.0,0.0
619,Simarjeet Singh,3,2,2,0,0,0,0,0,0,0,2.3333333333333335,3,3,2,0,0,0,0,0,0,0,1.0,0.6666666666666666,1.0,0.0,0.0,0.0,0.0,0.0,0.0,0.0
620,Abdul Basith,1,0,0,0,0,0,0,0,0,0,1.0,1,0,0,0,0,0,0,0,0,0,1.0,0.0,0.0,0.0,0.0,0.0,0.0,0.0,0.0,0.0
621,SS Cottrell,0,0,0,0,0,0,0,0,0,0,0.0,2,0,0,0,0,0,0,0,0,0,0.0,0.0,0.0,0.0,0.0,0.0,0.0,0.0,0.0,0.0
622,Virat Singh,4,11,0,0,0,0,0,0,0,0,7.5,14,12,0,0,0,0,0,0,0,0,0.2857142857142857,0.9166666666666666,0.0,0.0,0.0,0.0,0.0,0.0,0.0,0.0
623,S Lamichhane,0,0,0,0,0,0,0,0,0,0,0.0,1,0,0,0,0,0,0,0,0,0,0.0,0.0,0.0,0.0,0.0,0.0,0.0,0.0,0.0,0.0
624,KMDN Kulasekara,5,0,0,0,0,0,0,0,0,0,5.0,3,0,0,0,0,0,0,0,0,0,1.6666666666666667,0.0,0.0,0.0,0.0,0.0,0.0,0.0,0.0,0.0
625,M Klinger,24,29,18,2,0,0,0,0,0,0,18.25,25,26,20,6,0,0,0,0,0,0,0.96,1.1153846153846154,0.9,0.3333333333333333,0.0,0.0,0.0,0.0,0.0,0.0
626,DS Lehmann,17,1,0,0,0,0,0,0,0,0,9.0,16,2,0,0,0,0,0,0,0,0,1.0625,0.5,0.0,0.0,0.0,0.0,0.0,0.0,0.0,0.0
627,B Stanlake,5,0,0,0,0,0,0,0,0,0,5.0,2,0,0,0,0,0,0,0,0,0,2.5,0.0,0.0,0.0,0.0,0.0,0.0,0.0,0.0,0.0
628,Y Gnaneswara Rao,19,0,0,0,0,0,0,0,0,0,19.0,17,0,0,0,0,0,0,0,0,0,1.1176470588235294,0.0,0.0,0.0,0.0,0.0,0.0,0.0,0.0,0.0
629,BJ Haddin,18,0,0,0,0,0,0,0,0,0,18.0,11,0,0,0,0,0,0,0,0,0,1.6363636363636365,0.0,0.0,0.0,0.0,0.0,0.0,0.0,0.0,0.0
630,K Yadav,0,0,0,0,0,0,0,0,0,0,0.0,4,0,0,0,0,0,0,0,0,0,0.0,0.0,0.0,0.0,0.0,0.0,0.0,0.0,0.0,0.0
631,DJ Malan,26,0,0,0,0,0,0,0,0,0,26.0,26,0,0,0,0,0,0,0,0,0,1.0,0.0,0.0,0.0,0.0,0.0,0.0,0.0,0.0,0.0
632,DJ Mitchell,17,16,0,0,0,0,0,0,0,0,16.5,20,24,0,0,0,0,0,0,0,0,0.85,0.6666666666666666,0.0,0.0,0.0,0.0,0.0,0.0,0.0,0.0
633,OC McCoy,8,0,0,0,0,0,0,0,0,0,8.0,5,0,0,0,0,0,0,0,0,0,1.6,0.0,0.0,0.0,0.0,0.0,0.0,0.0,0.0,0.0
634,Younis Khan,3,0,0,0,0,0,0,0,0,0,3.0,7,0,0,0,0,0,0,0,0,0,0.42857142857142855,0.0,0.0,0.0,0.0,0.0,0.0,0.0,0.0,0.0
635,D du Preez,10,0,0,0,0,0,0,0,0,0,10.0,13,0,0,0,0,0,0,0,0,0,0.7692307692307693,0.0,0.0,0.0,0.0,0.0,0.0,0.0,0.0,0.0
636,U Kaul,0,0,0,0,0,0,0,0,0,0,0.0,1,0,0,0,0,0,0,0,0,0,0.0,0.0,0.0,0.0,0.0,0.0,0.0,0.0,0.0,0.0
